{"name": "11491", "index": 11491, "image_width": 900, "image_height": 900, "graph": {"node_symbol": ["C", "C", "O", "C", "C", "C", "C", "C", "C", "C", "C", "C", "N", "C", "C", "C", "C", "C", "C", "C", "C", "C", "C", "C", "C", "C", "C", "C", "C", "C", "C", "C", "C", "C", "C", "C", "C", "C", "C", "C", "C", "C", "C", "C", "C", "C"], "node_number": [6, 6, 8, 6, 6, 6, 6, 6, 6, 6, 6, 6, 7, 6, 6, 6, 6, 6, 6, 6, 6, 6, 6, 6, 6, 6, 6, 6, 6, 6, 6, 6, 6, 6, 6, 6, 6, 6, 6, 6, 6, 6, 6, 6, 6, 6], "edge_indices": [[0, 1], [1, 0], [1, 2], [1, 3], [2, 1], [3, 1], [3, 4], [3, 45], [4, 3], [4, 5], [5, 4], [5, 6], [6, 5], [6, 7], [7, 6], [7, 8], [7, 45], [8, 7], [8, 9], [8, 44], [9, 8], [9, 10], [10, 9], [10, 11], [11, 10], [11, 12], [11, 43], [12, 11], [12, 13], [12, 42], [13, 12], [13, 14], [13, 27], [14, 13], [14, 15], [15, 14], [15, 16], [16, 15], [16, 17], [16, 26], [17, 16], [17, 18], [17, 24], [18, 17], [18, 19], [18, 20], [19, 18], [20, 18], [20, 21], [21, 20], [21, 22], [21, 23], [22, 21], [23, 21], [23, 24], [24, 17], [24, 23], [24, 25], [25, 24], [26, 16], [26, 27], [27, 13], [27, 26], [27, 28], [28, 27], [28, 29], [28, 42], [29, 28], [29, 30], [30, 29], [30, 31], [30, 40], [31, 30], [31, 32], [31, 38], [32, 31], [32, 33], [32, 34], [33, 32], [34, 32], [34, 35], [35, 34], [35, 36], [35, 37], [36, 35], [37, 35], [37, 38], [38, 31], [38, 37], [38, 39], [39, 38], [40, 30], [40, 41], [41, 40], [41, 42], [42, 12], [42, 28], [42, 41], [43, 11], [43, 44], [44, 8], [44, 43], [45, 3], [45, 7]], "edge_number": [[1], [1], [2], [1], [2], [1], [12], [12], [12], [12], [12], [12], [12], [12], [12], [1], [12], [1], [12], [12], [12], [12], [12], [12], [12], [1], [12], [1], [12], [12], [12], [12], [12], [12], [12], [12], [12], [12], [1], [12], [1], [12], [12], [12], [1], [12], [1], [12], [12], [12], [1], [12], [1], [12], [12], [12], [12], [1], [1], [12], [12], [12], [12], [12], [12], [12], [12], [12], [12], [12], [1], [12], [1], [12], [12], [12], [1], [12], [1], [12], [12], [12], [1], [12], [1], [12], [12], [12], [12], [1], [1], [12], [12], [12], [12], [12], [12], [12], [12], [12], [12], [12], [12], [12]], "graph_labels": [0.3941], "graph_size": 46, "node_coordinates": [[40.9090909090909, 235.52474939197555], [92.61087623801595, 265.3022001786512], [92.67057234875418, 324.9764621039874], [144.25296545620265, 235.41734009937818], [144.1813592611377, 175.74308272682651], [195.82348490160066, 145.84627614095052], [247.53718031485238, 175.6237269276262], [247.60880472105544, 235.29798430017775], [299.3225001343072, 265.07544419242254], [299.39412454051023, 324.74969928858184], [351.1197664603649, 354.527154058944], [402.74993193587136, 324.63035031855827], [454.4636427147708, 354.40780565801856], [508.9581726579794, 330.0726430917414], [527.3378457498391, 273.2985561299147], [585.6873384330592, 260.8385682767437], [625.6571534716347, 305.12880282709716], [684.0185698975351, 292.65688212567693], [702.386305588361, 235.8827985784385], [662.3926248532866, 191.5806357326203], [760.7357937187965, 223.39894502876894], [800.7294926650089, 267.6891704735533], [859.0909090909091, 255.2172543249177], [782.361738763045, 324.46326312636074], [724.0003223371446, 336.94711781422643], [705.6325866463188, 393.72120477605307], [607.2894177808089, 361.9028920653161], [548.9279922493397, 374.3748116285401], [519.1505369098795, 426.08852070014535], [537.6495566953705, 482.8268057026358], [497.7632829765013, 527.2125121445526], [516.2742378866338, 583.9508062526122], [574.6476008191371, 596.2914383065827], [614.5338722616139, 551.9057227590966], [593.1585489000928, 653.0297324146421], [553.2722774576159, 697.41542975099], [571.7712972431068, 754.1537238590495], [494.8869839532557, 685.0747976970194], [476.38796416776466, 628.3365218000981], [418.0026706634045, 615.9958715349895], [439.3899245967827, 514.8718800905822], [420.8909070876839, 458.1455324891256], [460.7652439746173, 413.7478886461749], [402.6783211880218, 264.9560974987912], [350.964607563632, 235.17863760654654], [195.97862558719538, 265.19479088605385]],