{"name": "150364", "index": 150364, "image_width": 900, "image_height": 900, "graph": {"node_symbol": ["C", "C", "C", "C", "C", "C", "C", "C", "C", "C", "C", "C", "C", "C", "C", "C", "P", "C", "C", "C", "C", "C", "C", "C", "C", "C", "C", "C", "C", "C", "C", "C", "C", "C", "C", "C", "C", "C", "S", "C", "C", "C", "C", "C", "C", "C"], "node_number": [6, 6, 6, 6, 6, 6, 6, 6, 6, 6, 6, 6, 6, 6, 6, 6, 15, 6, 6, 6, 6, 6, 6, 6, 6, 6, 6, 6, 6, 6, 6, 6, 6, 6, 6, 6, 6, 6, 16, 6, 6, 6, 6, 6, 6, 6], "edge_indices": [[0, 1], [0, 39], [1, 0], [1, 2], [1, 37], [2, 1], [2, 3], [3, 2], [3, 4], [3, 35], [4, 3], [4, 5], [4, 34], [5, 4], [5, 6], [6, 5], [6, 7], [7, 6], [7, 8], [7, 33], [8, 7], [8, 9], [8, 32], [9, 8], [9, 10], [10, 9], [10, 11], [11, 10], [11, 12], [11, 31], [12, 11], [12, 13], [12, 30], [13, 12], [13, 14], [14, 13], [14, 15], [15, 14], [15, 16], [15, 29], [16, 15], [16, 17], [16, 23], [17, 16], [17, 18], [17, 22], [18, 17], [18, 19], [19, 18], [19, 20], [20, 19], [20, 21], [21, 20], [21, 22], [22, 17], [22, 21], [23, 16], [23, 24], [23, 28], [24, 23], [24, 25], [25, 24], [25, 26], [26, 25], [26, 27], [27, 26], [27, 28], [28, 23], [28, 27], [29, 15], [29, 30], [30, 12], [30, 29], [31, 11], [31, 32], [32, 8], [32, 31], [33, 7], [33, 34], [34, 4], [34, 33], [35, 3], [35, 36], [36, 35], [36, 37], [37, 1], [37, 36], [37, 38], [38, 37], [38, 39], [39, 0], [39, 38], [39, 40], [40, 39], [40, 41], [40, 45], [41, 40], [41, 42], [42, 41], [42, 43], [43, 42], [43, 44], [44, 43], [44, 45], [45, 40], [45, 44]], "edge_number": [[12], [12], [12], [12], [12], [12], [12], [12], [1], [12], [1], [12], [12], [12], [12], [12], [12], [12], [1], [12], [1], [12], [12], [12], [12], [12], [12], [12], [1], [12], [1], [12], [12], [12], [12], [12], [12], [12], [1], [12], [1], [1], [1], [1], [12], [12], [12], [12], [12], [12], [12], [12], [12], [12], [12], [12], [1], [12], [12], [12], [12], [12], [12], [12], [12], [12], [12], [12], [12], [12], [12], [12], [12], [12], [12], [12], [12], [12], [12], [12], [12], [12], [12], [12], [12], [12], [12], [12], [12], [12], [12], [12], [1], [1], [12], [12], [12], [12], [12], [12], [12], [12], [12], [12], [12], [12]], "graph_labels": [1.1007], "graph_size": 46, "node_coordinates": [[691.635422383612, 313.71725113244975], [647.2655898665986, 299.2695150918496], [606.8343646436325, 322.56509345720156], [566.4404622189652, 299.2042046452226], [526.0092285402475, 322.4997545280422], [485.61532745069877, 299.13886571606326], [445.18409510709967, 322.4344155988829], [445.14676162785145, 369.10019656428506], [404.7155292842523, 392.40508871770817], [364.3216375405346, 369.0441999057291], [323.8903980763024, 392.339764029815], [323.8530717176872, 439.0055449952171], [283.421832253455, 462.3104300280072], [243.02791914783808, 438.94020606605784], [202.5967081661382, 462.24509821948095], [202.55936756625684, 508.91087918488313], [162.12812810202468, 532.2064397486524], [162.09081598467563, 578.8722198239755], [202.48471484902643, 602.2424411156874], [202.44737424914504, 648.9082220810895], [162.01613478491288, 672.2037790845422], [121.62223592056205, 648.8428902725633], [121.65957652044347, 602.1771093071611], [121.73422923767386, 508.8455473763569], [81.30298977344167, 532.1411079401262], [40.9090909090909, 508.7802155678306], [40.94643150897223, 462.11443460242845], [81.37767097320442, 438.80954244900533], [121.77156983755528, 462.1797664109547], [242.95326643060764, 532.2717715571787], [283.38450589483983, 508.97621455372587], [364.246970582038, 462.37576183653346], [404.678195805004, 439.07086968311035], [485.54066405251876, 392.47042764686745], [525.9718959510782, 369.1655354934444], [566.4777921378969, 252.53842367982043], [606.9090244814961, 229.2335315263972], [647.30293046648, 252.60373412644742], [691.6914190421679, 238.21202322693546], [719.0935661947027, 275.9926212677043], [765.7593471601049, 276.0299618675857], [789.1295782426873, 235.63606300323488], [835.7953592080894, 235.6734036031163], [859.0909090909091, 276.10464306734843], [835.7300202789299, 316.49854193169926], [789.0642393135278, 316.46120133181785]],