{"name": "151163", "index": 151163, "image_width": 900, "image_height": 900, "graph": {"node_symbol": ["C", "C", "C", "C", "C", "C", "C", "C", "N", "C", "C", "C", "N", "C", "C", "C", "C", "C", "C", "C", "C", "C", "C", "C", "C", "C", "C", "C", "C", "C", "C", "C", "C", "C", "C", "N", "C", "C", "C", "N", "C", "C", "C", "C", "N", "N"], "node_number": [6, 6, 6, 6, 6, 6, 6, 6, 7, 6, 6, 6, 7, 6, 6, 6, 6, 6, 6, 6, 6, 6, 6, 6, 6, 6, 6, 6, 6, 6, 6, 6, 6, 6, 6, 7, 6, 6, 6, 7, 6, 6, 6, 6, 7, 7], "edge_indices": [[0, 1], [1, 0], [1, 2], [1, 16], [2, 1], [2, 3], [3, 2], [3, 4], [3, 14], [4, 3], [4, 5], [4, 13], [5, 4], [5, 6], [6, 5], [6, 7], [6, 9], [7, 6], [7, 8], [8, 7], [9, 6], [9, 10], [10, 9], [10, 11], [10, 13], [11, 10], [11, 12], [12, 11], [13, 4], [13, 10], [14, 3], [14, 15], [15, 14], [15, 16], [16, 1], [16, 15], [16, 17], [17, 16], [17, 18], [17, 45], [18, 17], [18, 19], [19, 18], [19, 20], [20, 19], [20, 21], [21, 20], [21, 22], [21, 45], [22, 21], [22, 23], [22, 44], [23, 22], [23, 24], [24, 23], [24, 25], [25, 24], [25, 26], [26, 25], [26, 27], [26, 44], [27, 26], [27, 28], [27, 42], [28, 27], [28, 29], [29, 28], [29, 30], [30, 29], [30, 31], [30, 41], [31, 30], [31, 32], [31, 40], [32, 31], [32, 33], [33, 32], [33, 34], [33, 36], [34, 33], [34, 35], [35, 34], [36, 33], [36, 37], [37, 36], [37, 38], [37, 40], [38, 37], [38, 39], [39, 38], [40, 31], [40, 37], [41, 30], [41, 42], [42, 27], [42, 41], [42, 43], [43, 42], [44, 22], [44, 26], [45, 17], [45, 21]], "edge_number": [[1], [1], [12], [12], [12], [12], [12], [1], [12], [1], [12], [12], [12], [12], [12], [1], [12], [1], [3], [3], [12], [12], [12], [1], [12], [1], [3], [3], [12], [12], [12], [12], [12], [12], [12], [12], [1], [1], [12], [12], [12], [12], [12], [12], [12], [12], [12], [1], [12], [1], [12], [12], [12], [12], [12], [12], [12], [12], [12], [1], [12], [1], [12], [12], [12], [12], [12], [12], [12], [1], [12], [1], [12], [12], [12], [12], [12], [1], [12], [1], [3], [3], [12], [12], [12], [1], [12], [1], [3], [3], [12], [12], [12], [12], [12], [12], [1], [1], [12], [12], [12], [12]], "graph_labels": [0.9683], "graph_size": 46, "node_coordinates": [[494.68511519264456, 655.6070577049992], [539.1851598818205, 629.8611835718725], [583.7263276996906, 655.535076908567], [628.2263699374718, 629.7892027754403], [672.7675431484104, 655.4630961121347], [717.2675839153546, 629.7172533568618], [761.8087453595983, 655.3911153157026], [806.3087861265426, 629.6452725604295], [850.8088425824137, 603.9096746743959], [761.8498817258243, 706.8005908495039], [717.34984095888, 732.5362044244645], [717.3909616361792, 783.9456799582658], [717.4320980024054, 835.3551554920671], [672.8086638257097, 706.8725716459362], [628.1852414157091, 578.3797429305657], [583.6440726172812, 552.7161258409643], [539.144031360058, 578.451708038071], [494.60285814911924, 552.7881066373966], [450.10281738217486, 578.5236888345033], [405.56164809346797, 552.8497954978088], [405.52052741616876, 501.4403199640075], [450.0205603386496, 475.7047299224372], [449.97943966135045, 424.2952543886359], [494.4794804282947, 398.55967219152905], [494.438351906532, 347.15019665772775], [449.89718261782514, 321.47630332103313], [405.39713400641733, 347.21188845981385], [360.85597256217386, 321.5482762730019], [316.35593179522954, 347.2838614117826], [271.81477035098607, 321.62025314720256], [271.77363398475995, 270.2107736911694], [227.2324568515896, 244.53688035447487], [227.19132048536352, 193.12741266513694], [182.65017473004684, 167.4637955755354], [182.60903836382076, 116.05432004173417], [182.56790199759467, 64.64484450793282], [138.15013396310258, 193.19937777264226], [138.19123895147496, 244.60885330644362], [93.6911981845306, 270.354719595107], [49.19115741758634, 296.09030571444555], [182.7324160846453, 270.2827466431381], [316.2736747517043, 244.46490740250613], [360.8148361959478, 270.1388007392005], [405.3148769628921, 244.39293445053727], [405.4382703726435, 398.62136497417305], [494.56172962735656, 501.3786311035952]],