{"name": "163093", "index": 163093, "image_width": 900, "image_height": 900, "graph": {"node_symbol": ["C", "C", "C", "C", "C", "N", "N", "N", "C", "C", "C", "C", "C", "C", "C", "C", "C", "C", "C", "C", "C", "N", "C", "C", "C", "C", "C", "C", "C", "N", "O", "C", "C", "C", "N", "C", "C", "C", "C", "C", "C", "C", "N", "O", "C"], "node_number": [6, 6, 6, 6, 6, 7, 7, 7, 6, 6, 6, 6, 6, 6, 6, 6, 6, 6, 6, 6, 6, 7, 6, 6, 6, 6, 6, 6, 6, 7, 8, 6, 6, 6, 7, 6, 6, 6, 6, 6, 6, 6, 7, 8, 6], "edge_indices": [[0, 1], [1, 0], [1, 2], [1, 16], [2, 1], [2, 3], [2, 4], [3, 2], [4, 2], [4, 5], [4, 14], [5, 4], [5, 6], [5, 13], [6, 5], [6, 7], [7, 6], [7, 8], [8, 7], [8, 9], [8, 13], [9, 8], [9, 10], [10, 9], [10, 11], [11, 10], [11, 12], [12, 11], [12, 13], [13, 5], [13, 8], [13, 12], [14, 4], [14, 15], [15, 14], [15, 16], [16, 1], [16, 15], [16, 17], [17, 16], [17, 18], [17, 44], [18, 17], [18, 19], [19, 18], [19, 20], [19, 31], [20, 19], [20, 21], [20, 30], [21, 20], [21, 22], [22, 21], [22, 23], [22, 29], [23, 22], [23, 24], [23, 28], [24, 23], [24, 25], [25, 24], [25, 26], [26, 25], [26, 27], [27, 26], [27, 28], [28, 23], [28, 27], [29, 22], [29, 30], [30, 20], [30, 29], [31, 19], [31, 32], [32, 31], [32, 33], [32, 44], [33, 32], [33, 34], [33, 43], [34, 33], [34, 35], [35, 34], [35, 36], [35, 42], [36, 35], [36, 37], [36, 41], [37, 36], [37, 38], [38, 37], [38, 39], [39, 38], [39, 40], [40, 39], [40, 41], [41, 36], [41, 40], [42, 35], [42, 43], [43, 33], [43, 42], [44, 17], [44, 32]], "edge_number": [[1], [1], [12], [12], [12], [1], [12], [1], [12], [1], [12], [1], [12], [12], [12], [12], [12], [12], [12], [12], [12], [12], [12], [12], [12], [12], [12], [12], [12], [12], [12], [12], [12], [12], [12], [12], [12], [12], [1], [1], [12], [12], [12], [12], [12], [1], [12], [1], [12], [12], [12], [12], [12], [1], [12], [1], [12], [12], [12], [12], [12], [12], [12], [12], [12], [12], [12], [12], [12], [12], [12], [12], [12], [12], [12], [1], [12], [1], [12], [12], [12], [12], [12], [1], [12], [1], [12], [12], [12], [12], [12], [12], [12], [12], [12], [12], [12], [12], [12], [12], [12], [12], [12], [12]], "graph_labels": [0.9192], "graph_size": 45, "node_coordinates": [[319.58947065740955, 414.89973325332596], [319.7228310441347, 354.2775027530498], [267.2846056621149, 323.8572742489953], [214.7251399909427, 354.0350175496362], [267.41797529905773, 263.23503912361025], [214.99187695227386, 232.8026928345373], [208.79628704036875, 172.49569587376413], [149.51987300709305, 159.765028439979], [119.09963987792972, 212.19113603698042], [59.77473389159096, 224.66718198189847], [40.90909090909092, 282.27043284876095], [81.38049482349194, 327.42186409052465], [140.70540312238504, 314.94580889538906], [159.55891444454036, 257.33044024350806], [320.00169735325625, 233.0330602529325], [372.42780495025767, 263.46540654200544], [372.29443531331486, 324.08764166739047], [424.7205244098812, 354.51999720668096], [424.5871547729384, 415.1422230818484], [477.02538015495816, 445.56245389845736], [476.87989273299706, 506.1968044963063], [525.8505260549398, 541.9396729424008], [506.98489232265746, 599.5550323440641], [542.5095018851574, 648.6711623381856], [517.7392692727728, 703.9950115920027], [553.2639158361432, 753.1111323359066], [613.5587580110277, 746.9034223264288], [638.3289906234122, 691.5795730726118], [602.8043810609122, 642.4634523287077], [446.36266644748997, 599.4095356718854], [427.7516357036395, 541.7214325592414], [529.5848388884672, 415.38470828526204], [529.7182270258452, 354.7503553748587], [582.2777042597894, 324.56049428919937], [637.6015535136063, 349.3307361518014], [678.2548167054587, 304.37329122272513], [738.53755959576, 310.8477405060886], [763.0774247897494, 366.2807053263764], [823.3480683954674, 372.7551638599575], [859.0909090909091, 323.79664832303297], [834.5510438969199, 268.3515564675092], [774.2804002912017, 261.87710718414587], [648.0770549043827, 251.81381398878102], [588.7521535431529, 264.27774214868055], [477.29211942884376, 324.3301268708042]],