{"name": "181756", "index": 181756, "image_width": 900, "image_height": 900, "graph": {"node_symbol": ["C", "C", "C", "C", "C", "C", "C", "C", "N", "C", "C", "N", "C", "C", "C", "C", "C", "C", "C", "C", "C", "C", "C", "N", "C", "C", "N", "C", "C", "P", "C", "C", "C", "C", "C", "C", "C", "C", "C", "C", "C", "C", "C"], "node_number": [6, 6, 6, 6, 6, 6, 6, 6, 7, 6, 6, 7, 6, 6, 6, 6, 6, 6, 6, 6, 6, 6, 6, 7, 6, 6, 7, 6, 6, 15, 6, 6, 6, 6, 6, 6, 6, 6, 6, 6, 6, 6, 6], "edge_indices": [[0, 1], [0, 12], [1, 0], [1, 2], [2, 1], [2, 3], [2, 11], [3, 2], [3, 4], [4, 3], [4, 5], [5, 4], [5, 6], [5, 10], [6, 5], [6, 7], [7, 6], [7, 8], [8, 7], [8, 9], [9, 8], [9, 10], [10, 5], [10, 9], [10, 11], [11, 2], [11, 10], [12, 0], [12, 13], [12, 42], [13, 12], [13, 14], [14, 13], [14, 15], [14, 27], [15, 14], [15, 16], [16, 15], [16, 17], [17, 16], [17, 18], [17, 26], [18, 17], [18, 19], [19, 18], [19, 20], [20, 19], [20, 21], [20, 25], [21, 20], [21, 22], [22, 21], [22, 23], [23, 22], [23, 24], [24, 23], [24, 25], [25, 20], [25, 24], [25, 26], [26, 17], [26, 25], [27, 14], [27, 28], [28, 27], [28, 29], [28, 42], [29, 28], [29, 30], [29, 36], [30, 29], [30, 31], [30, 35], [31, 30], [31, 32], [32, 31], [32, 33], [33, 32], [33, 34], [34, 33], [34, 35], [35, 30], [35, 34], [36, 29], [36, 37], [36, 41], [37, 36], [37, 38], [38, 37], [38, 39], [39, 38], [39, 40], [40, 39], [40, 41], [41, 36], [41, 40], [42, 12], [42, 28]], "edge_number": [[2], [1], [2], [1], [1], [12], [12], [12], [12], [12], [12], [12], [12], [12], [12], [12], [12], [12], [12], [12], [12], [12], [12], [12], [12], [12], [12], [1], [12], [12], [12], [12], [12], [1], [12], [1], [2], [2], [1], [1], [12], [12], [12], [12], [12], [12], [12], [12], [12], [12], [12], [12], [12], [12], [12], [12], [12], [12], [12], [12], [12], [12], [12], [12], [12], [1], [12], [1], [1], [1], [1], [12], [12], [12], [12], [12], [12], [12], [12], [12], [12], [12], [12], [1], [12], [12], [12], [12], [12], [12], [12], [12], [12], [12], [12], [12], [12], [12]], "graph_labels": [1.1687], "graph_size": 43, "node_coordinates": [[589.7546037696098, 394.3818709139441], [643.6616749109968, 425.44191486736133], [697.5189787089944, 394.29477331603243], [751.4260498503811, 425.3672543583165], [805.2833916242225, 394.20765673019883], [805.2336052929114, 331.98803413658595], [859.090909090909, 300.84089258525705], [859.0411227595979, 238.6212699916441], [805.1216145293442, 207.56124502614898], [751.2767288322915, 238.70838657747777], [751.3265151636027, 300.9280091710907], [697.469211365605, 332.0751507224195], [535.8972999716123, 425.52901246527296], [481.99021458928405, 394.4689874997777], [428.13290960454134, 425.61612905110655], [374.22583015593864, 394.55608509768933], [320.36852161096056, 425.70322664901823], [266.46144097561273, 394.64320168352293], [266.4116641382625, 332.42357908990994], [212.50458350291473, 301.351098047626], [158.64727970491714, 332.4982395989548], [104.7401895756084, 301.43821463345955], [50.88288577761078, 332.58535618478845], [50.932672108921956, 394.8049597904794], [104.8397432503088, 425.87744083276345], [158.69704704830642, 394.7178621925678], [212.60413717761514, 425.79034323485183], [428.1826852551464, 487.8357516447195], [482.089763517004, 518.9082231930427], [482.13954035435415, 581.1278457866555], [428.28223655635657, 612.2749920849649], [374.3751559210088, 581.2149528785282], [320.51785212301115, 612.3620991768375], [320.5676289603614, 674.5817217704504], [374.47470484872866, 705.6542028127344], [428.3320122069616, 674.4946146785778], [536.046620989702, 612.1878849930922], [536.0963978270521, 674.4075063999601], [590.0034784623999, 705.4799838820087], [643.8607822603976, 674.3203993080874], [643.8110149170083, 612.1007779012197], [589.9039247876996, 581.0407386947829], [535.9470673150016, 487.74863505888595]], "node_attributes": [[0.0, 1.0, 0.0, 0.0, 0.0, 0.0, 0.0, 0.0, 0.0, 0.0, 0.0, 0.0, 0.0, 0.0, 0.0, 0.0, 0.0, 0.0, 0.0, 1.0, 0.0, 0.0, 0.0, 0.0, 0.0, 1.0, 0.0, 0.0, 0.0, 0.0, 0.0, 0.0, 0.0, 1.0, 0.0, 0.0, 0.0, 0.0, 0.0, 0.0, 0.0], [0.0, 1.0, 0.0, 0.0, 0.0, 0.0, 0.0, 0.0, 0.0, 0.0, 0.0, 0.0, 0.0, 0.0, 0.0, 0.0, 0.0, 0.0, 0.0, 1.0, 0.0, 0.0, 0.0, 0.0, 0.0, 1.0, 0.0, 0.0, 0.0, 0.0, 0.0, 0.0, 0.0, 1.0, 0.0, 0.0, 0.0, 0.0, 0.0, 0.0, 0.0], [0.0, 1.0, 0.0, 0.0, 0.0, 0.0, 0.0, 0.0, 0.0, 0.0, 0.0, 0.0, 0.0, 0.0, 0.0, 0.0, 0.0, 0.0, 0.0, 1.0, 0.0, 0.0, 0.0, 0.0, 0.0, 1.0, 0.0, 0.0, 0.0, 0.0, 1.0, 1.0, 1.0, 0.0, 0.0, 0.0, 0.0, 0.0, 0.0, 0.0, 0.0], [0.0, 1.0, 0.0, 0.0, 0.0, 0.0, 0.0, 0.0, 0.0, 0.0, 0.0, 0.0, 0.0, 0.0, 0.0, 0.0, 0.0, 0.0, 0.0, 1.0, 0.0, 0.0, 0.0, 0.0, 0.0, 1.0, 0.0, 0.0, 0.0, 0.0, 1.0, 1.0, 0.0, 1.0, 0.0, 0.0, 0.0, 0.0, 0.0, 0.0, 0.0], [0.0, 1.0, 0.0, 0.0, 0.0, 0.0, 0.0, 0.0, 0.0, 0.0, 0.0, 0.0, 0.0, 0.0, 0.0, 0.0, 0.0, 0.0, 0.0, 1.0, 0.0, 0.0, 0.0, 0.0, 0.0, 1.0, 0.0, 0.0, 0.0, 0.0, 1.0, 1.0, 0.0, 1.0, 0.0, 0.0, 0.0, 0.0, 0.0, 0.0, 0.0], [0.0, 1.0, 0.0, 0.0, 0.0, 0.0, 0.0, 0.0, 0.0, 0.0, 0.0, 0.0, 0.0, 0.0, 0.0, 0.0, 0.0, 0.0, 0.0, 1.0, 0.0, 0.0, 0.0, 0.0, 0.0, 1.0, 0.0, 0.0, 0.0, 0.0, 1.0, 1.0, 1.0, 0.0, 0.0, 0.0, 0.0, 0.0, 0.0, 0.0, 0.0], [0.0, 1.0, 0.0, 0.0, 0.0, 0.0, 0.0, 0.0, 0.0, 0.0, 0.0, 0.0, 0.0, 0.0, 0.0, 0.0, 0.0, 0.0, 0.0, 1.0, 0.0, 0.0, 0.0, 0.0, 0.0, 1.0, 0.0, 0.0, 0.0, 0.0, 1.0, 1.0, 0.0, 1.0, 0.0, 0.0, 0.0, 0.0, 0.0, 0.0, 0.0], [0.0, 1.0, 0.0, 0.0, 0.0, 0.0, 0.0, 0.0, 0.0, 0.0, 0.0, 0.0, 0.0, 0.0, 0.0, 0.0, 0.0, 0.0, 0.0, 1.0, 0.0, 0.0, 0.0, 0.0, 0.0, 1.0, 0.0, 0.0, 0.0, 0.0, 1.0, 1.0, 0.0, 1.0, 0.0, 0.0, 0.0, 0.0, 0.0, 0.0, 0.0], [0.0, 0.0, 1.0, 0.0, 0.0, 0.0, 0.0, 0.0, 0.0, 0.0, 0.0, 0.0, 0.0, 0.0, 0.0, 0.0, 0.0, 0.0, 1.0, 0.0, 0.0, 0.0, 0.0, 0.0, 0.0, 1.0, 0.0, 0.0, 0.0, 0.0, 1.0, 1.0, 1.0, 0.0, 0.0, 0.0, 0.0, 0.0, 0.0, 0.0, 0.0], [0.0, 1.0, 0.0, 0.0, 0.0, 0.0, 0.0, 0.0, 0.0, 0.0, 0.0, 0.0, 0.0, 0.0, 0.0, 0.0, 0.0, 0.0, 0.0, 1.0, 0.0, 0.0, 0.0, 0.0, 0.0, 1.0, 0.0, 0.0, 0.0, 0.0, 1.0, 1.0, 0.0, 1.0, 0.0, 0.0, 0.0, 0.0, 0.0, 0.0, 0.0], [0.0, 1.0, 0.0, 0.0, 0.0, 0.0, 0.0, 0.0, 0.0, 0.0, 0.0, 0.0, 0.0, 0.0, 0.0, 0.0, 0.0, 0.0, 0.0, 1.0, 0.0, 0.0, 0.0, 0.0, 0.0, 1.0, 0.0, 0.0, 0.0, 0.0, 1.0, 1.0, 1.0, 0.0, 0.0, 0.0, 0.0, 0.0, 0.0, 0.0, 0.0], [0.0, 0.0, 1.0, 0.0, 0.0, 0.0, 0.0, 0.0, 0.0, 0.0, 0.0, 0.0, 0.0, 0.0, 0.0, 0.0, 0.0, 0.0, 1.0, 0.0, 0.0, 0.0, 0.0, 0.0, 0.0, 1.0, 0.0, 0.0, 0.0, 0.0, 1.0, 1.0, 1.0, 0.0, 0.0, 0.0, 0.0, 0.0, 0.0, 0.0, 0.0], [0.0, 1.0, 0.0, 0.0, 0.0, 0.0, 0.0, 0.0, 0.0, 0.0, 0.0, 0.0, 0.0, 0.0, 0.0, 0.0, 0.0, 0.0, 0.0, 1.0, 0.0, 0.0, 0.0, 0.0, 0.0, 1.0, 0.0, 0.0, 0.0, 0.0, 1.0, 1.0, 1.0, 0.0, 0.0, 0.0, 0.0, 0.0, 0.0, 0.0, 0.0], [0.0, 1.0, 0.0, 0.0, 0.0, 0.0, 0.0, 0.0, 0.0, 0.0, 0.0, 0.0, 0.0, 0.0, 0.0, 0.0, 0.0, 0.0, 0.0, 1.0, 0.0, 0.0, 0.0, 0.0, 0.0, 1.0, 0.0, 0.0, 0.0, 0.0, 1.0, 1.0, 0.0, 1.0, 0.0, 0.0, 0.0, 0.0, 0.0, 0.0, 0.0], [0.0, 1.0, 0.0, 0.0, 0.0, 0.0, 0.0, 0.0, 0.0, 0.0, 0.0, 0.0, 0.0, 0.0, 0.0, 0.0, 0.0, 0.0, 0.0, 1.0, 0.0, 0.0, 0.0, 0.0, 0.0, 1.0, 0.0, 0.0, 0.0, 0.0, 1.0, 1.0, 1.0, 0.0, 0.0, 0.0, 0.0, 0.0, 0.0, 0.0, 0.0], [0.0, 1.0, 0.0, 0.0, 0.0, 0.0, 0.0, 0.0, 0.0, 0.0, 0.0, 0.0, 0.0, 0.0, 0.0, 0.0, 0.0, 0.0, 0.0, 1.0, 0.0, 0.0, 0.0, 0.0, 0.0, 1.0, 0.0, 0.0, 0.0, 0.0, 0.0, 0.0, 0.0, 1.0, 0.0, 0.0, 0.0, 0.0, 0.0, 0.0, 0.0], [0.0, 1.0, 0.0, 0.0, 0.0, 0.0, 0.0, 0.0, 0.0, 0.0, 0.0, 0.0, 0.0, 0.0, 0.0, 0.0, 0.0, 0.0, 0.0, 1.0, 0.0, 0.0, 0.0, 0.0, 0.0, 1.0, 0.0, 0.0, 0.0, 0.0, 0.0, 0.0, 0.0, 1.0, 0.0, 0.0, 0.0, 0.0, 0.0, 0.0, 0.0], [0.0, 1.0, 0.0, 0.0, 0.0, 0.0, 0.0, 0.0, 0.0, 0.0, 0.0, 0.0, 0.0, 0.0, 0.0, 0.0, 0.0, 0.0, 0.0, 1.0, 0.0, 0.0, 0.0, 0.0, 0.0, 1.0, 0.0, 0.0, 0.0, 0.0, 1.0, 1.0, 1.0, 0.0, 0.0, 0.0, 0.0, 0.0, 0.0, 0.0, 0.0], [0.0, 1.0, 0.0, 0.0, 0.0, 0.0, 0.0, 0.0, 0.0, 0.0, 0.0, 0.0, 0.0, 0.0, 0.0, 0.0, 0.0, 0.0, 0.0, 1.0, 0.0, 0.0, 0.0, 0.0, 0.0, 1.0, 0.0, 0.0, 0.0, 0.0, 1.0, 1.0, 0.0, 1.0, 0.0, 0.0, 0.0, 0.0, 0.0, 0.0, 0.0], [0.0, 1.0, 0.0, 0.0, 0.0, 0.0, 0.0, 0.0, 0.0, 0.0, 0.0, 0.0, 0.0, 0.0, 0.0, 0.0, 0.0, 0.0, 0.0, 1.0, 0.0, 0.0, 0.0, 0.0, 0.0, 1.0, 0.0, 0.0, 0.0, 0.0, 1.0, 1.0, 0.0, 1.0, 0.0, 0.0, 0.0, 0.0, 0.0, 0.0, 0.0], [0.0, 1.0, 0.0, 0.0,