{"name": "194623", "index": 194623, "image_width": 900, "image_height": 900, "graph": {"node_symbol": ["C", "C", "C", "C", "N", "C", "C", "C", "C", "C", "C", "C", "C", "C", "N", "C", "C", "C", "C", "C", "C", "C", "C", "C", "C", "C", "C", "C", "C", "C", "C", "C", "C", "C", "C", "C", "C", "C", "C", "C", "N", "C", "C", "C", "N", "C"], "node_number": [6, 6, 6, 6, 7, 6, 6, 6, 6, 6, 6, 6, 6, 6, 7, 6, 6, 6, 6, 6, 6, 6, 6, 6, 6, 6, 6, 6, 6, 6, 6, 6, 6, 6, 6, 6, 6, 6, 6, 6, 7, 6, 6, 6, 7, 6], "edge_indices": [[0, 1], [1, 0], [1, 2], [1, 33], [2, 1], [2, 3], [3, 2], [3, 4], [3, 30], [4, 3], [4, 5], [4, 29], [5, 4], [5, 6], [5, 10], [6, 5], [6, 7], [7, 6], [7, 8], [8, 7], [8, 9], [9, 8], [9, 10], [10, 5], [10, 9], [10, 11], [11, 10], [11, 12], [11, 29], [12, 11], [12, 13], [13, 12], [13, 14], [13, 27], [14, 13], [14, 15], [14, 21], [15, 14], [15, 16], [15, 20], [16, 15], [16, 17], [17, 16], [17, 18], [18, 17], [18, 19], [19, 18], [19, 20], [20, 15], [20, 19], [21, 14], [21, 22], [21, 26], [22, 21], [22, 23], [23, 22], [23, 24], [24, 23], [24, 25], [25, 24], [25, 26], [26, 21], [26, 25], [27, 13], [27, 28], [28, 27], [28, 29], [29, 4], [29, 11], [29, 28], [30, 3], [30, 31], [30, 32], [31, 30], [32, 30], [32, 33], [33, 1], [33, 32], [33, 34], [34, 33], [34, 35], [34, 45], [35, 34], [35, 36], [36, 35], [36, 37], [37, 36], [37, 38], [38, 37], [38, 39], [38, 45], [39, 38], [39, 40], [39, 44], [40, 39], [40, 41], [41, 40], [41, 42], [42, 41], [42, 43], [43, 42], [43, 44], [44, 39], [44, 43], [45, 34], [45, 38]], "edge_number": [[1], [1], [12], [12], [12], [12], [12], [1], [12], [1], [12], [12], [12], [12], [12], [12], [12], [12], [12], [12], [12], [12], [12], [12], [12], [12], [12], [12], [12], [12], [12], [12], [1], [12], [1], [1], [1], [1], [12], [12], [12], [12], [12], [12], [12], [12], [12], [12], [12], [12], [1], [12], [12], [12], [12], [12], [12], [12], [12], [12], [12], [12], [12], [12], [12], [12], [12], [12], [12], [12], [12], [1], [12], [1], [12], [12], [12], [12], [1], [1], [12], [12], [12], [12], [12], [12], [12], [12], [12], [1], [12], [1], [12], [12], [12], [12], [12], [12], [12], [12], [12], [12], [12], [12], [12], [12]], "graph_labels": [0.0031], "graph_size": 46, "node_coordinates": [[413.25163762834995, 578.9668117219012], [467.0896733136344, 548.1259820922132], [467.300654596843, 486.07199630713626], [521.1262851186025, 455.2187544124081], [521.3372687689828, 393.1647650765736], [571.6506413558311, 356.8631826999059], [632.3146156076685, 369.9565777377686], [673.9900755283073, 323.98698305514074], [655.0015611971087, 264.91157988602413], [594.3499909252104, 251.79337688828343], [552.6745310045717, 297.7753850195372], [490.6205440359089, 297.5768077162678], [449.24295007017435, 251.3217605273619], [388.5169180438935, 264.0304238759986], [347.1393240781589, 217.7877806670317], [286.400878603252, 230.49644401566854], [267.0400270940797, 289.4477316358982], [206.30158161917274, 302.1563949845348], [164.92398765343813, 255.91375177556813], [184.28483916261047, 196.95006017539936], [245.0232846375174, 184.24139682676264], [366.4877526700182, 158.82408906686305], [325.11015870428366, 112.58144585789626], [344.47099127608203, 53.61777319510156], [405.20943675098897, 40.90909090909088], [446.58704018541056, 87.15173411805768], [427.22618867623817, 146.1154446556003], [369.14366255478205, 322.9817114962283], [410.5088525405775, 369.224335767821], [471.24728854679745, 356.5280953364975], [574.7657494185469, 486.40708722130245], [628.6037898381749, 455.56625640802855], [574.579590298247, 548.4734876385912], [520.7291399807506, 579.3267259825618], [520.5305674118246, 641.3807224199115], [466.69252817578246, 672.2339654982256], [466.4939556068565, 734.2879524668883], [520.1210100089324, 765.488696357237], [573.971459142843, 734.635453278923], [627.5985182792624, 765.8361971692716], [681.4365539645469, 734.9953580708966], [735.0760123465618, 766.2085059411844], [734.8650310633533, 828.250107867282], [681.0269953780688, 859.0909090909091], [627.3875369960538, 827.8901841379344], [574.1576229974864, 672.5690433929472]],