{"name": "22", "index": 22, "image_width": 900, "image_height": 900, "graph": {"node_symbol": ["C", "C", "C", "C", "C", "C", "C", "C", "C", "C", "C", "C", "C", "C", "C", "C", "C", "C", "N", "C", "C", "C", "C", "C", "C", "O", "C", "C", "C", "C", "C", "C", "C", "C", "C", "C", "C", "C", "C", "C", "C", "C", "C", "C", "C", "C"], "node_number": [6, 6, 6, 6, 6, 6, 6, 6, 6, 6, 6, 6, 6, 6, 6, 6, 6, 6, 7, 6, 6, 6, 6, 6, 6, 8, 6, 6, 6, 6, 6, 6, 6, 6, 6, 6, 6, 6, 6, 6, 6, 6, 6, 6, 6, 6], "edge_indices": [[0, 1], [1, 0], [1, 2], [1, 45], [2, 1], [2, 3], [3, 2], [3, 4], [3, 5], [4, 3], [5, 3], [5, 6], [5, 43], [6, 5], [6, 7], [6, 11], [7, 6], [7, 8], [8, 7], [8, 9], [9, 8], [9, 10], [9, 18], [10, 9], [10, 11], [10, 12], [11, 6], [11, 10], [12, 10], [12, 13], [12, 17], [13, 12], [13, 14], [14, 13], [14, 15], [15, 14], [15, 16], [16, 15], [16, 17], [17, 12], [17, 16], [17, 18], [18, 9], [18, 17], [18, 19], [19, 18], [19, 20], [19, 41], [20, 19], [20, 21], [20, 22], [21, 20], [22, 20], [22, 23], [23, 22], [23, 24], [23, 40], [24, 23], [24, 25], [24, 26], [25, 24], [26, 24], [26, 27], [26, 39], [27, 26], [27, 28], [28, 27], [28, 29], [29, 28], [29, 30], [30, 29], [30, 31], [30, 39], [31, 30], [31, 32], [31, 37], [32, 31], [32, 33], [32, 34], [33, 32], [34, 32], [34, 35], [35, 34], [35, 36], [36, 35], [36, 37], [37, 31], [37, 36], [37, 38], [38, 37], [39, 26], [39, 30], [40, 23], [40, 41], [41, 19], [41, 40], [41, 42], [42, 41], [43, 5], [43, 44], [43, 45], [44, 43], [45, 1], [45, 43]], "edge_number": [[1], [1], [12], [12], [12], [12], [12], [1], [12], [1], [12], [1], [12], [1], [12], [12], [12], [12], [12], [12], [12], [12], [12], [12], [12], [12], [12], [12], [12], [12], [12], [12], [12], [12], [12], [12], [12], [12], [12], [12], [12], [12], [12], [12], [1], [1], [12], [12], [12], [1], [12], [1], [12], [12], [12], [1], [12], [1], [2], [1], [2], [1], [12], [12], [12], [12], [12], [12], [12], [12], [12], [1], [12], [1], [12], [12], [12], [1], [12], [1], [12], [12], [12], [12], [12], [12], [12], [12], [1], [1], [12], [12], [12], [12], [12], [12], [1], [1], [12], [1], [12], [1], [12], [12]], "graph_labels": [0.219], "graph_size": 46, "node_coordinates": [[40.90909090909094, 522.255775918496], [92.71030439727447, 511.17292008833914], [128.2157192735411, 550.4926928053455], [180.02753857425097, 539.4204347040164], [215.52234763799123, 578.7402074210229], [196.3339591660913, 489.0178061568531], [248.13518882167193, 477.934946284847], [283.62999788541225, 517.2653126888318], [335.4312275409929, 506.19305458750273], [351.748245861661, 455.79042199849016], [316.2534367979207, 416.46005559450526], [264.44160941351225, 427.5323167272213], [342.68911971788367, 370.54990211018276], [326.26614836003364, 320.1790586658042], [361.67619580239835, 280.77452836927137], [413.50921157122605, 291.73023570459077], [429.9321829290761, 342.10107914896935], [394.5221364971737, 381.50561550827615], [400.1165429517677, 434.18626871056915], [446.0266944151656, 460.62195567238143], [491.87327163114475, 434.0803136524626], [491.8202951125538, 381.1135823995594], [537.7940188024457, 460.5160026351996], [537.846999362886, 513.493329596006], [583.7571447635099, 539.9290125159689], [583.8207149690793, 592.9063394767754], [629.603728042263, 513.3873765588241], [629.5295520241673, 460.41004555616837], [675.3867411154467, 433.8684055571742], [721.2968945997692, 460.30409251898647], [721.3604648053387, 513.2814154379437], [767.270602122264, 539.7065087127773], [813.106595755888, 513.164864671934], [813.0430255503186, 460.1875417529768], [859.0273388853395, 539.5899579467678], [859.090909090909, 592.5672929912728], [813.2549154572852, 619.1195266772454], [767.3341723278335, 592.6838437572824], [721.4876052164775, 619.2254716307287], [675.5138815265856, 539.8230594787871], [492.00042012598215, 540.0349655531509], [446.10086234956276, 513.5992826331878], [400.2436894256805, 540.1409266740313], [160.82856045722176, 449.6874357110189], [177.13498104906213, 399.28480615339333], [109.01674115651196, 460.77029154117577]],