{"name": "224946", "index": 224946, "image_width": 900, "image_height": 900, "graph": {"node_symbol": ["C", "C", "C", "C", "P", "C", "C", "C", "C", "C", "C", "C", "C", "C", "C", "C", "C", "C", "C", "C", "C", "C", "C", "C", "N", "C", "C", "C", "C", "C", "C", "O", "C", "C", "C", "N", "C", "C", "C", "C", "C", "C", "O", "C"], "node_number": [6, 6, 6, 6, 15, 6, 6, 6, 6, 6, 6, 6, 6, 6, 6, 6, 6, 6, 6, 6, 6, 6, 6, 6, 7, 6, 6, 6, 6, 6, 6, 8, 6, 6, 6, 7, 6, 6, 6, 6, 6, 6, 8, 6], "edge_indices": [[0, 1], [1, 0], [1, 2], [1, 19], [2, 1], [2, 3], [3, 2], [3, 4], [3, 17], [4, 3], [4, 5], [4, 11], [5, 4], [5, 6], [5, 10], [6, 5], [6, 7], [7, 6], [7, 8], [8, 7], [8, 9], [9, 8], [9, 10], [10, 5], [10, 9], [11, 4], [11, 12], [11, 16], [12, 11], [12, 13], [13, 12], [13, 14], [14, 13], [14, 15], [15, 14], [15, 16], [16, 11], [16, 15], [17, 3], [17, 18], [18, 17], [18, 19], [19, 1], [19, 18], [19, 20], [20, 19], [20, 21], [20, 43], [21, 20], [21, 22], [22, 21], [22, 23], [22, 32], [23, 22], [23, 24], [23, 31], [24, 23], [24, 25], [25, 24], [25, 26], [25, 30], [26, 25], [26, 27], [27, 26], [27, 28], [28, 27], [28, 29], [29, 28], [29, 30], [30, 25], [30, 29], [30, 31], [31, 23], [31, 30], [32, 22], [32, 33], [33, 32], [33, 34], [33, 43], [34, 33], [34, 35], [34, 42], [35, 34], [35, 36], [36, 35], [36, 37], [36, 41], [37, 36], [37, 38], [38, 37], [38, 39], [39, 38], [39, 40], [40, 39], [40, 41], [41, 36], [41, 40], [41, 42], [42, 34], [42, 41], [43, 20], [43, 33]], "edge_number": [[1], [1], [12], [12], [12], [12], [12], [1], [12], [1], [1], [1], [1], [12], [12], [12], [12], [12], [12], [12], [12], [12], [12], [12], [12], [1], [12], [12], [12], [12], [12], [12], [12], [12], [12], [12], [12], [12], [12], [12], [12], [12], [12], [12], [1], [1], [12], [12], [12], [12], [12], [1], [12], [1], [12], [12], [12], [12], [12], [12], [12], [12], [12], [12], [12], [12], [12], [12], [12], [12], [12], [12], [12], [12], [12], [12], [12], [1], [12], [1], [12], [12], [12], [12], [12], [12], [12], [12], [12], [12], [12], [12], [12], [12], [12], [12], [12], [12], [12], [12], [12], [12]], "graph_labels": [0.8915], "graph_size": 44, "node_coordinates": [[589.5655103451274, 453.4641818292736], [519.1783635265019, 493.83377554547], [518.9512044681641, 574.962364358739], [448.580262075008, 615.331933316455], [448.35310301667005, 696.460522129724], [377.98216371832405, 736.8139237996911], [307.838383478316, 696.0548791856577], [237.46744727478008, 736.4244729018541], [237.24028821644214, 817.5530617151231], [307.3840653616402, 858.3120568121957], [377.7550015651761, 817.9425126129602], [518.496873972248, 737.2195667437576], [518.26971491391, 818.3319139938365], [588.413498248728, 859.090909090909], [658.7844282626438, 818.7375569379028], [659.0115873209818, 737.6089681246337], [588.867816365404, 696.8499730275612], [378.4364818349999, 574.5729382193824], [378.66364398814795, 493.4443494061133], [449.03458019168386, 453.07478044839735], [449.26173925002183, 371.94617925588796], [519.6488984478875, 331.57659791893184], [519.8760698854658, 250.448009105663], [590.2470122786217, 210.0784246738965], [664.2687287891347, 243.29246781991742], [718.722233639244, 183.15995865806917], [799.8508224525131, 183.38711849010951], [840.6098175495856, 113.2433436660192], [800.2402238333891, 42.872401272863044], [719.1116597786006, 42.64524221452507], [678.3526399230475, 112.78901935972317], [598.9439979897434, 129.42038006644339], [449.7322865506476, 209.68900781897014], [379.3613472523016, 250.05859534554656], [309.2013440179637, 209.29958941663858], [300.958679518328, 128.59287118398083], [221.64737245619264, 111.50718617096481], [181.27779111923647, 41.13624996742874], [100.14920230596742, 40.909090909090764], [59.39018245041435, 111.05286805428887], [99.75977616661073, 181.42380657893227], [180.88836497987978, 181.65096641097284], [235.00114362172243, 242.09176817166826], [379.11796210482385, 331.1871841588154]], "node_attributes": [[0.0, 1.0, 0.0, 0.0, 0.0, 0.0, 0.0, 0.0, 0.0, 0.0, 0.0, 0.0, 0.0, 0.0, 0.0, 0.0, 0.0, 0.0, 0.0, 0.0, 1.0, 0.0, 0.0, 0.0, 0.0, 0.0, 1.0, 0.0, 0.0, 0.0, 0.0, 0.0, 0.0, 0.0, 0.0, 1.0, 0.0, 0.0, 0.0, 0.0, 0.0], [0.0, 1.0, 0.0, 0.0, 0.0, 0.0, 0.0, 0.0, 0.0, 0.0, 0.0, 0.0, 0.0, 0.0, 0.0, 0.0, 0.0, 0.0, 0.0, 1.0, 0.0, 0.0, 0.0, 0.0, 0.0, 1.0, 0.0, 0.0, 0.0, 0.0, 1.0, 1.0, 1.0, 0.0, 0.0, 0.0, 0.0, 0.0, 0.0, 0.0, 0.0], [0.0, 1.0, 0.0, 0.0, 0.0, 0.0, 0.0, 0.0, 0.0, 0.0, 0.0, 0.0, 0.0, 0.0, 0.0, 0.0, 0.0, 0.0, 0.0, 1.0, 0.0, 0.0, 0.0, 0.0, 0.0, 1.0, 0.0, 0.0, 0.0, 0.0, 1.0, 1.0, 0.0, 1.0, 0.0, 0.0, 0.0, 0.0, 0.0, 0.0, 0.0], [0.0, 1.0, 0.0, 0.0, 0.0, 0.0, 0.0, 0.0, 0.0, 0.0, 0.0, 0.0, 0.0, 0.0, 0.0, 0.0, 0.0, 0.0, 0.0, 1.0, 0.0, 0.0, 0.0, 0.0, 0.0, 1.0, 0.0, 0.0, 0.0, 0.0, 1.0, 1.0, 1.0, 0.0, 0.0, 0.0, 0.0, 0.0, 0.0, 0.0, 0.0], [0.0, 0.0, 0.0, 0.0, 0.0, 0.0, 1.0, 0.0, 0.0, 0.0, 0.0, 0.0, 0.0, 0.0, 0.0, 0.0, 0.0, 0.0, 0.0, 1.0, 0.0, 0.0, 0.0, 0.0, 0.0, 0.0, 1.0, 0.0, 0.0, 0.0, 0.0, 0.0, 1.0, 0.0, 0.0, 0.0, 0.0, 0.0, 0.0, 0.0, 0.0], [0.0, 1.0, 0.0, 0.0, 0.0, 0.0, 0.0, 0.0, 0.0, 0.0, 0.0, 0.0, 0.0, 0.0, 0.0, 0.0, 0.0, 0.0, 0.0, 1.0, 0.0, 0.0, 0.0, 0.0, 0.0, 1.0, 0.0, 0.0, 0.0, 0.0, 1.0, 1.0, 1.0, 0.0, 0.0, 0.0, 0.0, 0.0, 0.0, 0.0, 0.0], [0.0, 1.0, 0.0, 0.0, 0.0, 0.0, 0.0, 0.0, 0.0, 0.0, 0.0, 0.0, 0.0, 0.0, 0.0, 0.0, 0.0, 0.0, 0.0, 1.0, 0.0, 0.0, 0.0, 0.0, 0.0, 1.0, 0.0, 0.0, 0.0, 0.0, 1.0, 1.0, 0.0, 1.0, 0.0, 0.0, 0.0, 0.0, 0.0, 0.0, 0.0], [0.0, 1.0, 0.0, 0.0, 0.0, 0.0, 0.0, 0.0, 0.0, 0.0, 0.0, 0.0, 0.0, 0.0, 0.0, 0.0, 0.0, 0.0, 0.0, 1.0, 0.0, 0.0, 0.0, 0.0, 0.0, 1.0, 0.0, 0.0, 0.0, 0.0, 1.0, 1.0, 0.0, 1.0, 0.0, 0.0, 0.0, 0.0, 0.0, 0.0, 0.0], [0.0, 1.0, 0.0, 0.0, 0.0, 0.0, 0.0, 0.0, 0.0, 0.0, 0.0, 0.0, 0.0, 0.0, 0.0, 0.0, 0.0, 0.0, 0.0, 1.0, 0.0, 0.0, 0.0, 0.0, 0.0, 1.0, 0.0, 0.0, 0.0, 0.0, 1.0, 1.0, 0.0, 1.0, 0.0, 0.0, 0.0, 0.0, 0.0, 0.0, 0.0], [0.0, 1.0, 0.0, 0.0, 0.0, 0.0, 0.0, 0.0, 0.0, 0.0, 0.0, 0.0, 0.0, 0.0, 0.0, 0.0, 0.0, 0.0, 0.0, 1.0, 0.0, 0.0, 0.0, 0.0, 0.0, 1.0, 0.0, 0.0, 0.0, 0.0, 1.0, 1.0, 0.0, 1.0, 0.0, 0.0, 0.0, 0.0, 0.0, 0.0, 0.0], [0.0, 1.0, 0.0, 0.0, 0.0, 0.0, 0.0, 0.0, 0.0, 0.0, 0.0, 0.0, 0.0, 0.0, 0.0, 0.0, 0.0, 0.0, 0.0, 1.0, 0.0, 0.0, 0.0, 0.0, 0.0, 1.0, 0.0, 0.0, 0.0, 0.0, 1.0, 1.0, 0.0, 1.0, 0.0, 0.0, 0.0, 0.0, 0.0, 0.0, 0.0], [0.0, 1.0, 0.0, 0.0, 0.0, 0.0, 0.0, 0.0, 0.0, 0.0, 0.0, 0.0, 0.0, 0.0, 0.0, 0.0, 0.0, 0.0, 0.0, 1.0, 0.0, 0.0, 0.0, 0.0, 0.0, 1.0, 0.0, 0.0, 0.0, 0.0, 1.0, 1.0, 1.0, 0.0, 0.0, 0.0, 0.0, 0.0, 0.0, 0.0, 0.0], [0.0, 1.0, 0.0, 0.0, 0.0, 0.0, 0.0, 0.0, 0.0, 0.0, 0.0, 0.0, 0.0, 0.0, 0.0, 0.0, 0.0, 0.0, 0.0, 1.0, 0.0, 0.0, 0.0, 0.0, 0.0, 1.0, 0.0, 0.0, 0.0, 0.0, 1.0, 1.0, 0.0, 1.0, 0.0, 0.0, 0.0, 0.0, 0.0, 0.0, 0.0], [0.0, 1.0, 0.0, 0.0, 0.0, 0.0, 0.0, 0.0, 0.0, 0.0, 0.0, 0.0, 0.0, 0.0, 0.0, 0.0, 0.0, 0.0, 0.0, 1.0, 0.0, 0.0, 0.0, 0.0, 0.0, 1.0, 0.0, 0.0, 0.0, 0.0, 1.0, 1.0, 0.0, 1.0, 0.0, 0.0, 0.0, 0.0, 0.0, 0.0, 0.0], [0.0, 1.0, 0.0, 0.0, 0.0, 0.0, 0.0, 0.0, 0.0, 0.0, 0.0, 0.0, 0.0, 0.0, 0.0, 0.0, 0.0, 0.0, 0.0, 1.0, 0.0, 0.0, 0.0, 0.0, 0.0, 1.0, 0.0, 0.0, 0.0, 0.0, 1.0, 1.0, 0.0, 1.0, 0.0, 0.0, 0.0, 0.0, 0.0, 0.0, 0.0], [0.0, 1.0, 0.0, 0.0, 0.0, 0.0, 0.0, 0.0, 0.0, 0.0, 0.0, 0.0, 0.0, 0.0, 0.0, 0.0, 0.0, 0.0, 0.0, 1.0, 0.0, 0.0, 0.0, 0.0, 0.0, 1.0, 0.0, 0.0, 0.0, 0.0, 1.0, 1.0, 0.0, 1.0, 0.0, 0.0, 0.0, 0.0, 0.0, 0.0, 0.0], [0.0, 1.0, 0.0, 0.0, 0.0, 0.0, 0.0, 0.0, 0.0, 0.0, 0.0, 0.0, 0.0, 0.0, 0.0, 0.0, 0.0, 0.0, 0.0, 1.0, 0.0, 0.0, 0.0, 0.0, 0.0, 1.0, 0.0, 0.0, 0.0, 0.0, 1.0, 1.0, 0.0, 1.0, 0.0, 0.0, 0.0, 0.0, 0.0, 0.0, 0.0], [0.0, 1.0, 0.0, 0.0, 0.0, 0.0, 0.0, 0.0, 0.0, 0.0, 0.0, 0.0, 0.0, 0.0, 0.0, 0.0, 0.0, 0.0, 0.0, 1.0, 0.0, 0.0, 0.0, 0.0, 0.0, 1.0, 0.0, 0.0, 0.0, 0.0, 1.0, 1.0, 0.0, 1.0, 0.0, 0.0, 0.0, 0.0, 0.0, 0.0, 0.0], [0.0, 1.0, 0.0, 0.0, 0.0, 0.0, 0.0, 0.0, 0.0, 0.0, 0.0, 0.0, 0.0, 0.0, 0.0, 0.0, 0.0, 0.0, 0.0, 1.0, 0.0, 0.0, 0.0, 0.0, 0.0, 1.0, 0.0, 0.0, 0.0, 0.0, 1.0, 1.0, 0.0, 1.0, 0.0, 0.0, 0.0, 0.0, 0.0, 0.0, 0.0], [0.0, 1.0, 0.0, 0.0, 0.0, 0.0, 0.0, 0.0, 0.0, 0.0, 0.0, 0.0, 0.0, 0.0, 0.0, 0.0, 0.0, 0.0, 0.0, 1.0, 0.0, 0.0, 0.0, 0.0, 