{"name": "229356", "index": 229356, "image_width": 900, "image_height": 900, "graph": {"node_symbol": ["C", "C", "C", "C", "C", "C", "N", "C", "N", "C", "C", "C", "C", "C", "C", "C", "C", "C", "C", "C", "N", "C", "N", "C", "C", "C", "C", "C", "N", "C", "N", "C", "C", "C", "C", "C", "C", "C", "N", "C", "N", "C", "C", "C", "C"], "node_number": [6, 6, 6, 6, 6, 6, 7, 6, 7, 6, 6, 6, 6, 6, 6, 6, 6, 6, 6, 6, 7, 6, 7, 6, 6, 6, 6, 6, 7, 6, 7, 6, 6, 6, 6, 6, 6, 6, 7, 6, 7, 6, 6, 6, 6], "edge_indices": [[0, 1], [1, 0], [1, 2], [1, 34], [2, 1], [2, 3], [2, 13], [3, 2], [3, 4], [3, 12], [4, 3], [4, 5], [5, 4], [5, 6], [6, 5], [6, 7], [7, 6], [7, 8], [7, 12], [8, 7], [8, 9], [9, 8], [9, 10], [10, 9], [10, 11], [11, 10], [11, 12], [12, 3], [12, 7], [12, 11], [13, 2], [13, 14], [14, 13], [14, 15], [14, 33], [15, 14], [15, 16], [15, 32], [16, 15], [16, 17], [17, 16], [17, 18], [17, 24], [18, 17], [18, 19], [18, 23], [19, 18], [19, 20], [20, 19], [20, 21], [21, 20], [21, 22], [22, 21], [22, 23], [23, 18], [23, 22], [24, 17], [24, 25], [25, 24], [25, 26], [25, 32], [26, 25], [26, 27], [26, 31], [27, 26], [27, 28], [28, 27], [28, 29], [29, 28], [29, 30], [30, 29], [30, 31], [31, 26], [31, 30], [32, 15], [32, 25], [33, 14], [33, 34], [34, 1], [34, 33], [34, 35], [35, 34], [35, 36], [35, 44], [36, 35], [36, 37], [37, 36], [37, 38], [38, 37], [38, 39], [39, 38], [39, 40], [39, 44], [40, 39], [40, 41], [41, 40], [41, 42], [42, 41], [42, 43], [43, 42], [43, 44], [44, 35], [44, 39], [44, 43]], "edge_number": [[1], [1], [12], [12], [12], [1], [12], [1], [12], [12], [12], [12], [12], [12], [12], [12], [12], [12], [12], [12], [12], [12], [12], [12], [12], [12], [12], [12], [12], [12], [12], [12], [12], [1], [12], [1], [12], [12], [12], [12], [12], [1], [12], [1], [12], [12], [12], [12], [12], [12], [12], [12], [12], [12], [12], [12], [12], [12], [12], [1], [12], [1], [12], [12], [12], [12], [12], [12], [12], [12], [12], [12], [12], [12], [12], [12], [12], [12], [12], [12], [1], [1], [12], [12], [12], [12], [12], [12], [12], [12], [12], [12], [12], [12], [12], [12], [12], [12], [12], [12], [12], [12], [12], [12]], "graph_labels": [0.7395], "graph_size": 45, "node_coordinates": [[701.9936900352716, 311.87286772021616], [630.0049919801227, 353.3677414632846], [558.0827654221976, 311.75654299627604], [558.1492385042268, 228.6670795478733], [486.2269992678575, 187.0725025209831], [486.29348502833085, 103.9830517510245], [558.2821719898411, 62.48820336484414], [630.2044048869884, 104.09938915340877], [702.1931045269428, 62.60449005345231], [774.1153310848679, 104.21570119890475], [774.0488643420606, 187.30515196886336], [702.0601615324952, 228.78341695025756], [630.1379318049592, 187.18883992336737], [486.094053103799, 353.25141673934445], [486.0275927002138, 436.340861170081], [414.03888038181543, 477.8191182274475], [413.97241997823016, 560.9085705822117], [341.9837076598317, 602.4034379860581], [341.9172472562465, 685.4928950952387], [413.8394738141717, 727.0874721221289], [413.7730134105864, 810.1769228920876], [341.784301092188, 851.6717966351559], [269.86207453426283, 810.0772196082658], [269.92856029473614, 726.9877688383071], [270.0614811019066, 560.8088609591678], [270.1279668623799, 477.71941018920916], [198.2057403044547, 436.1082117222006], [126.21702798605634, 477.603085465269], [54.29480142813116, 435.99188699826044], [54.361287188604436, 352.90244256752385], [126.34999950700282, 311.42417758612964], [198.272226064928, 353.018767291464], [342.11665382389026, 436.2245364461408], [557.9498192581391, 477.9354429513877], [629.9385188980934, 436.4571922332432], [701.860747040824, 478.0517676753279], [773.8494450959729, 436.57351695718336], [845.771671653898, 478.16809398407355], [845.7051985718688, 561.2575447540322], [773.7165052711364, 602.7524184971006], [773.6500321891072, 685.8418692670592], [701.6613325491528, 727.3201215700093], [629.7391059912277, 685.7255445431191], [629.8055727340347, 602.6360937731604], [701.7942755436002, 561.141220030092]],