{"name": "283927", "index": 283927, "image_width": 900, "image_height": 900, "graph": {"node_symbol": ["C", "C", "C", "C", "N", "C", "C", "C", "C", "C", "C", "C", "N", "C", "C", "C", "C", "C", "C", "C", "C", "C", "C", "C", "C", "C", "C", "C", "C", "C", "N", "C", "C", "C", "C", "C", "C", "C", "N", "C", "C", "C", "N", "N", "C", "C"], "node_number": [6, 6, 6, 6, 7, 6, 6, 6, 6, 6, 6, 6, 7, 6, 6, 6, 6, 6, 6, 6, 6, 6, 6, 6, 6, 6, 6, 6, 6, 6, 7, 6, 6, 6, 6, 6, 6, 6, 7, 6, 6, 6, 7, 7, 6, 6], "edge_indices": [[0, 1], [0, 14], [1, 0], [1, 2], [2, 1], [2, 3], [2, 13], [3, 2], [3, 4], [4, 3], [4, 5], [5, 4], [5, 6], [5, 12], [6, 5], [6, 7], [6, 11], [7, 6], [7, 8], [8, 7], [8, 9], [9, 8], [9, 10], [10, 9], [10, 11], [11, 6], [11, 10], [12, 5], [12, 13], [13, 2], [13, 12], [14, 0], [14, 15], [14, 45], [15, 14], [15, 16], [16, 15], [16, 17], [17, 16], [17, 18], [17, 44], [18, 17], [18, 19], [18, 43], [19, 18], [19, 20], [20, 19], [20, 21], [21, 20], [21, 22], [21, 42], [22, 21], [22, 23], [22, 41], [23, 22], [23, 24], [24, 23], [24, 25], [25, 24], [25, 26], [25, 40], [26, 25], [26, 27], [27, 26], [27, 28], [28, 27], [28, 29], [28, 39], [29, 28], [29, 30], [30, 29], [30, 31], [31, 30], [31, 32], [31, 38], [32, 31], [32, 33], [32, 37], [33, 32], [33, 34], [34, 33], [34, 35], [35, 34], [35, 36], [36, 35], [36, 37], [37, 32], [37, 36], [38, 31], [38, 39], [39, 28], [39, 38], [40, 25], [40, 41], [41, 22], [41, 40], [42, 21], [42, 43], [43, 18], [43, 42], [44, 17], [44, 45], [45, 14], [45, 44]], "edge_number": [[2], [1], [2], [1], [1], [12], [12], [12], [12], [12], [12], [12], [1], [12], [1], [12], [12], [12], [12], [12], [12], [12], [12], [12], [12], [12], [12], [12], [12], [12], [12], [1], [12], [12], [12], [12], [12], [12], [12], [1], [12], [1], [12], [12], [12], [12], [12], [12], [12], [1], [12], [1], [12], [12], [12], [12], [12], [12], [12], [1], [12], [1], [2], [2], [1], [1], [12], [12], [12], [12], [12], [12], [12], [1], [12], [1], [12], [12], [12], [12], [12], [12], [12], [12], [12], [12], [12], [12], [12], [12], [12], [12], [12], [12], [12], [12], [12], [12], [12], [12], [12], [12], [12], [12]], "graph_labels": [0.8988], "graph_size": 46, "node_coordinates": [[645.6254001466818, 521.6971529608747], [645.6500345177744, 562.7561088082044], [681.2235073481972, 583.25273255028], [681.2563615297865, 624.3116883976097], [716.8298468904086, 644.816531950182], [752.3704780694413, 624.2624196554248], [787.9439383696651, 644.7590433975004], [787.9767925512547, 685.8179992448299], [823.5502779118765, 706.3228427974024], [859.0909090909092, 685.7605357525462], [859.0580549093199, 644.7015799052165], [823.4845695486979, 624.204931102743], [752.337623887852, 583.2034638080951], [716.76413852723, 562.6986202555227], [610.05191478606, 501.1923094083024], [574.5112836070273, 521.7546289833576], [538.937804511505, 501.2497854307852], [538.9049565950149, 460.19083584855497], [503.3314806320423, 439.69420270883023], [467.79084710359734, 460.24831813613724], [432.21736722493745, 439.7516849964125], [432.1845193084477, 398.69272993222023], [396.6110402129252, 378.1878871627853], [396.57819229643536, 337.1289328817304], [361.00471320091293, 316.63230287455553], [325.4640820218803, 337.1864151693128], [289.89060919145726, 316.68157161674037], [254.3499654822257, 337.24389745689507], [218.7764926518027, 316.73905390432265], [218.74363847021345, 275.68010432209246], [183.1701531095915, 255.18346804981798], [147.62952193055884, 275.73758034457524], [112.05606163033484, 255.24094407230086], [112.02320744874554, 214.18198822497118], [76.44972208812361, 193.67715720259764], [40.90909090909096, 214.23947677765295], [40.94194509068019, 255.29843262498252], [76.51543045130214, 275.795068897257], [147.66237611214808, 316.7965361919049], [183.23586147277004, 337.30137974447734], [325.49692367327066, 378.245370233505], [361.0704090338926, 398.7502122198025], [467.7251528368926, 378.1304048752031], [503.2986327155525, 398.63524764463796], [574.4455877740477, 439.63672042124796], [610.0190731346695, 460.1333535609727]],