{"name": "312388", "index": 312388, "image_width": 900, "image_height": 900, "graph": {"node_symbol": ["C", "C", "C", "C", "N", "C", "N", "C", "C", "C", "C", "C", "C", "C", "C", "C", "C", "C", "C", "C", "C", "C", "C", "C", "C", "C", "C", "C", "N", "C", "C", "C", "C", "C", "C", "C", "C", "C", "C", "C", "C", "C", "C", "C", "C"], "node_number": [6, 6, 6, 6, 7, 6, 7, 6, 6, 6, 6, 6, 6, 6, 6, 6, 6, 6, 6, 6, 6, 6, 6, 6, 6, 6, 6, 6, 7, 6, 6, 6, 6, 6, 6, 6, 6, 6, 6, 6, 6, 6, 6, 6, 6], "edge_indices": [[0, 1], [1, 0], [1, 2], [1, 23], [2, 1], [2, 3], [3, 2], [3, 4], [3, 21], [4, 3], [4, 5], [4, 8], [5, 4], [5, 6], [6, 5], [6, 7], [7, 6], [7, 8], [7, 20], [8, 4], [8, 7], [8, 9], [9, 8], [9, 10], [9, 14], [10, 9], [10, 11], [11, 10], [11, 12], [12, 11], [12, 13], [13, 12], [13, 14], [14, 9], [14, 13], [14, 15], [15, 14], [15, 16], [15, 20], [16, 15], [16, 17], [17, 16], [17, 18], [18, 17], [18, 19], [19, 18], [19, 20], [20, 7], [20, 15], [20, 19], [21, 3], [21, 22], [22, 21], [22, 23], [23, 1], [23, 22], [23, 24], [24, 23], [24, 25], [24, 44], [25, 24], [25, 26], [26, 25], [26, 27], [27, 26], [27, 28], [27, 43], [28, 27], [28, 29], [28, 42], [29, 28], [29, 30], [29, 34], [30, 29], [30, 31], [31, 30], [31, 32], [32, 31], [32, 33], [33, 32], [33, 34], [34, 29], [34, 33], [34, 35], [35, 34], [35, 36], [36, 35], [36, 37], [37, 36], [37, 38], [37, 42], [38, 37], [38, 39], [39, 38], [39, 40], [40, 39], [40, 41], [41, 40], [41, 42], [42, 28], [42, 37], [42, 41], [43, 27], [43, 44], [44, 24], [44, 43]], "edge_number": [[1], [1], [12], [12], [12], [12], [12], [1], [12], [1], [12], [12], [12], [12], [12], [12], [12], [12], [12], [12], [12], [12], [12], [12], [12], [12], [12], [12], [12], [12], [12], [12], [12], [12], [12], [12], [12], [12], [12], [12], [12], [12], [12], [12], [12], [12], [12], [12], [12], [12], [12], [12], [12], [12], [12], [12], [1], [1], [12], [12], [12], [12], [12], [12], [12], [1], [12], [1], [1], [1], [1], [12], [12], [12], [12], [12], [12], [12], [12], [12], [12], [12], [12], [1], [1], [1], [1], [1], [1], [12], [12], [12], [12], [12], [12], [12], [12], [12], [12], [1], [12], [12], [12], [12], [12], [12]], "graph_labels": [0.9908], "graph_size": 45, "node_coordinates": [[412.5744074525788, 363.27276260506744], [475.68052085214026, 399.5122067430419], [538.6265394432803, 362.98168719183695], [601.718106844851, 399.2356884316173], [664.6641254359911, 362.71971487840324], [731.2049820099871, 392.17699307071473], [779.7716486697036, 337.9924843258883], [743.2556862203048, 275.0610117327391], [672.1157626113214, 290.3427041074667], [623.3016585323468, 236.36195037266498], [552.1617349233633, 251.6436427473925], [503.3476752596498, 197.67743501058146], [525.6880185800189, 128.41496669342132], [596.8279421890024, 113.13327431869368], [645.6420462679771, 167.11405026112618], [716.7964936673209, 151.83238009402896], [739.1223576125908, 82.56988956923851], [810.2768050119345, 67.28819719451076], [859.0909090909091, 121.26899534457368], [836.7505213552788, 190.51687324848183], [765.5960295406741, 205.79856562320947], [601.8781794456419, 472.02019811878745], [538.9321608545018, 508.5361688960478], [475.82604745494035, 472.2821704322211], [412.8945970694216, 508.7981398215045], [349.78848366986006, 472.54414274565477], [286.8570110767108, 509.07466646079047], [287.0025487833261, 581.8446315379467], [224.07108729399215, 618.3605995392531], [163.84666656624702, 577.4929852664943], [179.87061290371878, 506.52771773166916], [126.4283518757404, 457.1460213160164], [56.93303447060878, 478.7586983109396], [40.9090909090909, 549.738521559594], [94.36590556893309, 599.1202193632237], [67.92130342920096, 666.8981630991727], [104.45182298040594, 729.844192794128], [176.4358697292843, 740.5268181338682], [192.80911155934962, 811.4484185272058], [262.37719573582353, 832.7118028054892], [315.61569273192754, 783.0826786864168], [299.2424620056774, 712.2047384946823], [229.65982627930504, 690.9122511166019], [350.10867328670287, 618.0986272258195], [413.0401236722216, 581.5681021227069]],