{"name": "345453", "index": 345453, "image_width": 900, "image_height": 900, "graph": {"node_symbol": ["C", "C", "C", "C", "N", "C", "C", "C", "C", "C", "C", "C", "C", "C", "C", "C", "C", "S", "C", "C", "C", "C", "C", "C", "C", "C", "C", "S", "C", "C", "C", "C", "C", "C", "C", "N", "C", "C", "C", "C", "C", "C", "C", "C", "C"], "node_number": [6, 6, 6, 6, 7, 6, 6, 6, 6, 6, 6, 6, 6, 6, 6, 6, 6, 16, 6, 6, 6, 6, 6, 6, 6, 6, 6, 16, 6, 6, 6, 6, 6, 6, 6, 7, 6, 6, 6, 6, 6, 6, 6, 6, 6], "edge_indices": [[0, 1], [0, 28], [1, 0], [1, 2], [1, 26], [2, 1], [2, 3], [3, 2], [3, 4], [3, 24], [4, 3], [4, 5], [4, 16], [5, 4], [5, 6], [5, 10], [6, 5], [6, 7], [7, 6], [7, 8], [8, 7], [8, 9], [9, 8], [9, 10], [10, 5], [10, 9], [10, 11], [11, 10], [11, 12], [11, 16], [12, 11], [12, 13], [13, 12], [13, 14], [13, 23], [14, 13], [14, 15], [14, 17], [15, 14], [15, 16], [16, 4], [16, 11], [16, 15], [17, 14], [17, 18], [18, 17], [18, 19], [18, 23], [19, 18], [19, 20], [20, 19], [20, 21], [21, 20], [21, 22], [22, 21], [22, 23], [23, 13], [23, 18], [23, 22], [24, 3], [24, 25], [25, 24], [25, 26], [26, 1], [26, 25], [26, 27], [27, 26], [27, 28], [28, 0], [28, 27], [28, 29], [29, 28], [29, 30], [29, 44], [30, 29], [30, 31], [31, 30], [31, 32], [32, 31], [32, 33], [32, 43], [33, 32], [33, 34], [33, 42], [34, 33], [34, 35], [35, 34], [35, 36], [36, 35], [36, 37], [36, 41], [37, 36], [37, 38], [38, 37], [38, 39], [39, 38], [39, 40], [40, 39], [40, 41], [41, 36], [41, 40], [41, 42], [42, 33], [42, 41], [43, 32], [43, 44], [44, 29], [44, 43]], "edge_number": [[12], [12], [12], [12], [12], [12], [12], [12], [1], [12], [1], [12], [12], [12], [12], [12], [12], [12], [12], [12], [12], [12], [12], [12], [12], [12], [12], [12], [12], [12], [12], [12], [12], [12], [12], [12], [12], [12], [12], [12], [12], [12], [12], [12], [12], [12], [12], [12], [12], [12], [12], [12], [12], [12], [12], [12], [12], [12], [12], [12], [12], [12], [12], [12], [12], [12], [12], [12], [12], [12], [1], [1], [12], [12], [12], [12], [12], [12], [12], [1], [12], [1], [12], [12], [12], [12], [12], [12], [12], [12], [12], [12], [12], [12], [12], [12], [12], [12], [12], [12], [12], [12], [12], [12], [12], [12], [12], [12]], "graph_labels": [0.531], "graph_size": 45, "node_coordinates": [[496.92056027957295, 452.72734046439206], [446.5728106120677, 442.0958530211858], [420.79171228772697, 397.57329669307734], [369.3221503374306, 397.6350453066056], [343.5410559391208, 353.11248897849714], [364.4026452074449, 306.068415767744], [413.3301178733361, 290.09546910073414], [423.95131126360036, 239.7477037291053], [385.66561616782644, 205.3729164327333], [336.7484316658308, 221.33559260298648], [326.1169461856401, 271.6936284713721], [281.58409187855875, 297.485012996593], [232.6257449059034, 281.6458340533966], [194.4326727304219, 316.13384808006833], [205.1979514536267, 366.4507234408095], [254.16659247922405, 382.28988667988256], [292.3596646547055, 347.8018883573342], [160.67539512551824, 392.2421079660304], [122.37939812474058, 357.85703446877824], [71.20829696723641, 363.301418517878], [40.90909090909093, 321.7120312612285], [61.780954600202634, 274.66795805047536], [112.94176955682656, 269.23386020225576], [143.2512775199758, 310.82324745890537], [343.6542669652972, 442.2399383541263], [369.45594554346, 486.7625025342965], [420.9049233139034, 486.7007539207682], [455.3826354355714, 524.8835320433077], [502.37524623367653, 503.89844162189615], [546.9595511753132, 529.5663249940296], [547.0418878947255, 581.0255977989226], [591.636494741366, 606.6831900626372], [636.1590667735979, 580.9020956643274], [680.7639598211185, 606.5699790364608], [680.8257084346469, 658.029254785877], [725.4306014821677, 683.6971342319796], [769.9531735143996, 657.9057497067586], [814.5580665619202, 683.573637004923], [859.090909090909, 657.7925386805822], [859.0085566673733, 606.333266857197], [814.42426742986, 580.6653834850636], [769.8914249008712, 606.4567719363154], [725.2865318533507, 580.7785935297322], [636.0973181600696, 529.4428238409421], [591.492425112549, 503.7749404688087]],