{"name": "350705", "index": 350705, "image_width": 900, "image_height": 900, "graph": {"node_symbol": ["C", "S", "C", "C", "C", "C", "C", "C", "C", "C", "C", "S", "C", "C", "C", "C", "C", "C", "C", "C", "C", "C", "C", "C", "C", "C", "N", "C", "C", "N", "C", "C", "N", "C", "C", "C", "C", "C", "C", "C", "C", "O", "C", "C", "O"], "node_number": [6, 16, 6, 6, 6, 6, 6, 6, 6, 6, 6, 16, 6, 6, 6, 6, 6, 6, 6, 6, 6, 6, 6, 6, 6, 6, 7, 6, 6, 7, 6, 6, 7, 6, 6, 6, 6, 6, 6, 6, 6, 8, 6, 6, 8], "edge_indices": [[0, 1], [0, 40], [1, 0], [1, 2], [2, 1], [2, 3], [2, 39], [3, 2], [3, 4], [3, 38], [4, 3], [4, 5], [5, 4], [5, 6], [6, 5], [6, 7], [6, 37], [7, 6], [7, 8], [7, 19], [8, 7], [8, 9], [9, 8], [9, 10], [10, 9], [10, 11], [10, 18], [11, 10], [11, 12], [12, 11], [12, 13], [12, 17], [13, 12], [13, 14], [14, 13], [14, 15], [14, 26], [15, 14], [15, 16], [15, 20], [16, 15], [16, 17], [17, 12], [17, 16], [17, 18], [18, 10], [18, 17], [18, 19], [19, 7], [19, 18], [20, 15], [20, 21], [20, 25], [21, 20], [21, 22], [22, 21], [22, 23], [23, 22], [23, 24], [24, 23], [24, 25], [25, 20], [25, 24], [25, 26], [26, 14], [26, 25], [26, 27], [27, 26], [27, 28], [27, 36], [28, 27], [28, 29], [29, 28], [29, 30], [30, 29], [30, 31], [31, 30], [31, 32], [31, 36], [32, 31], [32, 33], [33, 32], [33, 34], [34, 33], [34, 35], [35, 34], [35, 36], [36, 27], [36, 31], [36, 35], [37, 6], [37, 38], [38, 3], [38, 37], [39, 2], [39, 40], [39, 44], [40, 0], [40, 39], [40, 41], [41, 40], [41, 42], [42, 41], [42, 43], [43, 42], [43, 44], [44, 39], [44, 43]], "edge_number": [[12], [12], [12], [12], [12], [1], [12], [1], [12], [12], [12], [12], [12], [12], [12], [1], [12], [1], [12], [12], [12], [12], [12], [12], [12], [12], [12], [12], [12], [12], [12], [12], [12], [12], [12], [12], [12], [12], [12], [12], [12], [12], [12], [12], [12], [12], [12], [12], [12], [12], [12], [12], [12], [12], [12], [12], [12], [12], [12], [12], [12], [12], [12], [12], [12], [12], [1], [1], [12], [12], [12], [12], [12], [12], [12], [12], [12], [12], [12], [12], [12], [12], [12], [12], [12], [12], [12], [12], [12], [12], [12], [12], [12], [12], [12], [12], [1], [12], [12], [1], [1], [1], [1], [1], [1], [1], [1], [1]], "graph_labels": [0.1646], "graph_size": 45, "node_coordinates": [[524.960618226539, 95.99547848307918], [507.351697353532, 150.27160494191958], [553.5366220129196, 183.78905794864158], [553.5594511650966, 240.84974891269428], [504.16770104615495, 269.4029191935124], [504.190530198332, 326.4636093413055], [553.6164979252279, 354.9711308407997], [553.6507329467231, 412.0318218048524], [603.0767180871599, 440.5507527107902], [603.0995298257961, 497.611443674843], [553.6849853817591, 526.1531950261874], [541.8391803652887, 581.9699671064736], [485.09802787755143, 587.9613396576991], [451.58057487082954, 634.1348410342276], [394.8280121603889, 628.1891267873564], [371.60431267937355, 576.0584878810973], [405.1217613327102, 529.896392373887], [461.87432839653604, 535.8421066207583], [504.2590002413223, 497.6456786963381], [504.24759437200424, 440.58498773228547], [314.8631612799826, 582.0498604323229], [272.4328300424958, 543.8762616600798], [218.17952838244727, 561.519417554582], [206.33372336597682, 617.3361722213273], [248.74123306971063, 655.5097884071113], [303.0173617052436, 637.8666325126092], [352.4433316088322, 666.3741314289175], [358.42329176066175, 723.1152839166548], [410.56535612647235, 746.3161803658044], [416.5338995255208, 803.0573328535418], [370.3946244637169, 836.6204354578473], [318.2525660838111, 813.4195390086976], [272.1018813434771, 846.9712183301443], [219.97123373044772, 823.7817799909354], [213.97986117922215, 767.0292042203391], [260.14195668643265, 733.4775248988926], [312.2726053878083, 756.6783865209603], [603.0196539134877, 326.42937295937736], [602.9854188919926, 269.36867981863213], [599.6873116508119, 150.22596405110642], [582.0213091905919, 95.97264933090207], [620.1720788106577, 53.54232788853221], [676.000274173803, 65.38811549146169], [693.666276634023, 119.65283608098389], [655.4926604482391, 162.071751654036]],