{"name": "352501", "index": 352501, "image_width": 900, "image_height": 900, "graph": {"node_symbol": ["C", "C", "C", "C", "C", "C", "S", "C", "C", "C", "C", "C", "C", "C", "C", "C", "C", "C", "C", "C", "C", "C", "C", "C", "C", "C", "C", "C", "C", "N", "C", "C", "N", "C", "C", "C", "C", "N", "C", "C", "N", "C", "C", "C", "C"], "node_number": [6, 6, 6, 6, 6, 6, 16, 6, 6, 6, 6, 6, 6, 6, 6, 6, 6, 6, 6, 6, 6, 6, 6, 6, 6, 6, 6, 6, 6, 7, 6, 6, 7, 6, 6, 6, 6, 7, 6, 6, 7, 6, 6, 6, 6], "edge_indices": [[0, 1], [0, 5], [1, 0], [1, 2], [2, 1], [2, 3], [3, 2], [3, 4], [3, 8], [4, 3], [4, 5], [4, 6], [5, 0], [5, 4], [6, 4], [6, 7], [7, 6], [7, 8], [7, 12], [8, 3], [8, 7], [8, 9], [9, 8], [9, 10], [10, 9], [10, 11], [11, 10], [11, 12], [12, 7], [12, 11], [12, 13], [13, 12], [13, 14], [13, 44], [14, 13], [14, 15], [15, 14], [15, 16], [15, 20], [16, 15], [16, 17], [17, 16], [17, 18], [18, 17], [18, 19], [19, 18], [19, 20], [20, 15], [20, 19], [20, 21], [21, 20], [21, 22], [21, 44], [22, 21], [22, 23], [23, 22], [23, 24], [23, 42], [24, 23], [24, 25], [24, 41], [25, 24], [25, 26], [26, 25], [26, 27], [26, 33], [27, 26], [27, 28], [27, 32], [28, 27], [28, 29], [29, 28], [29, 30], [30, 29], [30, 31], [31, 30], [31, 32], [32, 27], [32, 31], [33, 26], [33, 34], [34, 33], [34, 35], [34, 41], [35, 34], [35, 36], [35, 40], [36, 35], [36, 37], [37, 36], [37, 38], [38, 37], [38, 39], [39, 38], [39, 40], [40, 35], [40, 39], [41, 24], [41, 34], [42, 23], [42, 43], [43, 42], [43, 44], [44, 13], [44, 21], [44, 43]], "edge_number": [[12], [12], [12], [12], [12], [12], [12], [12], [12], [12], [12], [12], [12], [12], [12], [12], [12], [12], [12], [12], [12], [12], [12], [12], [12], [12], [12], [12], [12], [12], [1], [1], [12], [12], [12], [12], [12], [12], [12], [12], [12], [12], [12], [12], [12], [12], [12], [12], [12], [12], [12], [12], [12], [12], [12], [12], [1], [12], [1], [12], [12], [12], [12], [12], [1], [12], [1], [12], [12], [12], [12], [12], [12], [12], [12], [12], [12], [12], [12], [12], [12], [12], [1], [12], [1], [12], [12], [12], [12], [12], [12], [12], [12], [12], [12], [12], [12], [12], [12], [12], [12], [12], [12], [12], [12], [12]], "graph_labels": [0.892], "graph_size": 45, "node_coordinates": [[502.3184401305243, 859.090909090909], [567.2925101286681, 852.1896215545721], [593.8258745437694, 792.4568568631329], [555.3590296087131, 739.6253996522189], [490.37189118107403, 746.5136237451078], [463.83852427294926, 806.2463485481702], [463.73396187884725, 686.8462161592853], [512.2651853020694, 643.0596279172948], [568.887127773613, 675.6969760323076], [625.4567840620584, 642.9419970936976], [625.4045003719839, 577.6019537301497], [568.7694919639687, 544.990742474127], [512.199831935988, 577.7065111382046], [455.577890710956, 545.0822364387341], [399.00823442251067, 577.7980051028115], [342.3862844718964, 545.160666959893], [285.81662818345086, 577.8894990674185], [229.19469817702503, 545.2521609244999], [229.14240451485622, 479.89903915936253], [285.7120608033017, 447.18327049528506], [342.334010753916, 479.80754519475556], [398.90366704236146, 447.0917765306781], [398.85138335228686, 381.7386597515879], [455.42104462677946, 349.0228910875103], [455.3687609367049, 283.66976932237276], [398.746825944232, 251.03242120736013], [398.6945422541574, 185.6793144003641], [342.07260227563734, 153.04196628535124], [285.5029459871919, 185.77079839287694], [228.8809960365776, 153.13345027786409], [228.82872231859722, 87.78033349877387], [285.3983786070427, 55.064564834696284], [342.0203086134685, 87.68884950626102], [455.2641985426028, 152.9635457362865], [511.8861372746111, 185.5878104636629], [568.4557948095684, 152.8720417995853], [568.4035111194938, 87.51892502049509], [624.9731674079392, 54.79009291296961], [681.5951073864593, 87.42744102798247], [681.6473910765338, 152.78055780707268], [625.0777347880884, 185.49632647115027], [511.9384197181739, 250.9409272427531], [512.0429846052995, 381.64716578698085], [512.0952670488623, 447.0002825660711], [455.52560702088147, 479.72912464569083]],