{"name": "370002", "index": 370002, "image_width": 900, "image_height": 900, "graph": {"node_symbol": ["C", "C", "N", "N", "C", "C", "C", "C", "C", "C", "C", "C", "C", "C", "N", "N", "C", "C", "C", "C", "C", "S", "C", "C", "C", "C", "C", "N", "C", "C", "C", "N", "C", "C", "C", "C", "C", "O", "C", "C", "C", "S", "C", "C", "C"], "node_number": [6, 6, 7, 7, 6, 6, 6, 6, 6, 6, 6, 6, 6, 6, 7, 7, 6, 6, 6, 6, 6, 16, 6, 6, 6, 6, 6, 7, 6, 6, 6, 7, 6, 6, 6, 6, 6, 8, 6, 6, 6, 16, 6, 6, 6], "edge_indices": [[0, 1], [0, 44], [1, 0], [1, 2], [2, 1], [2, 3], [3, 2], [3, 4], [3, 44], [4, 3], [4, 5], [4, 43], [5, 4], [5, 6], [6, 5], [6, 7], [7, 6], [7, 8], [7, 42], [8, 7], [8, 9], [8, 41], [9, 8], [9, 10], [10, 9], [10, 11], [10, 40], [11, 10], [11, 12], [12, 11], [12, 13], [12, 38], [13, 12], [13, 14], [13, 37], [14, 13], [14, 15], [15, 14], [15, 16], [16, 15], [16, 17], [16, 37], [17, 16], [17, 18], [17, 36], [18, 17], [18, 19], [19, 18], [19, 20], [20, 19], [20, 21], [20, 35], [21, 20], [21, 22], [22, 21], [22, 23], [22, 34], [23, 22], [23, 24], [23, 33], [24, 23], [24, 25], [25, 24], [25, 26], [26, 25], [26, 27], [26, 32], [27, 26], [27, 28], [27, 31], [28, 27], [28, 29], [29, 28], [29, 30], [30, 29], [30, 31], [31, 27], [31, 30], [32, 26], [32, 33], [33, 23], [33, 32], [34, 22], [34, 35], [35, 20], [35, 34], [35, 36], [36, 17], [36, 35], [37, 13], [37, 16], [38, 12], [38, 39], [39, 38], [39, 40], [40, 10], [40, 39], [40, 41], [41, 8], [41, 40], [42, 7], [42, 43], [43, 4], [43, 42], [44, 0], [44, 3]], "edge_number": [[12], [12], [12], [12], [12], [12], [12], [1], [12], [1], [12], [12], [12], [12], [12], [12], [12], [1], [12], [1], [12], [12], [12], [12], [12], [12], [12], [12], [12], [12], [1], [12], [1], [12], [12], [12], [12], [12], [12], [12], [1], [12], [1], [12], [12], [12], [12], [12], [12], [12], [12], [12], [12], [12], [12], [1], [12], [1], [12], [12], [12], [12], [12], [12], [12], [1], [12], [1], [12], [12], [12], [12], [12], [12], [12], [12], [12], [12], [12], [12], [12], [12], [12], [12], [12], [12], [12], [12], [12], [12], [12], [12], [12], [12], [12], [12], [12], [12], [12], [12], [12], [12], [12], [12], [12], [12]], "graph_labels": [1.1604], "graph_size": 45, "node_coordinates": [[859.0909090909091, 527.3989807240667], [843.0088959501171, 563.4905991206483], [803.7088094549023, 559.349594690244], [795.5058082497916, 520.6975108509984], [759.4141898532101, 504.60761141490303], [727.4398928840124, 527.8257330035477], [691.3482986045417, 511.7437439798666], [687.230977177158, 472.44364542609634], [651.1393828976874, 456.36166846097075], [616.9128130475373, 476.10259704145324], [587.5621924689841, 449.6601744707914], [548.2620939152139, 453.7774838396196], [525.0518827389833, 421.80317481186626], [485.75177212665756, 425.92048418069453], [465.979232042907, 460.1312452645717], [427.3350556014368, 451.904548997885], [423.21775226188623, 412.6044383855592], [389.006985902391, 392.8398026849451], [389.0227912771952, 353.32632799143425], [354.8120237872104, 333.55378489304485], [320.58545393706027, 353.29471648816616], [283.0081370918204, 341.077150836446], [259.7742127661805, 373.0277467147898], [220.26073807266974, 373.0119379485169], [200.51980949218728, 338.7853680983668], [161.006322740121, 338.76956234673276], [141.2337886856482, 372.97242809139004], [101.72031399213743, 372.9566193251171], [78.47848528336107, 404.9151195865975], [40.909090909090885, 392.68175119788214], [40.92488761680837, 353.16827047509355], [78.51010281590692, 340.97441495814394], [160.98261561998936, 407.1989979415402], [200.49610237205562, 407.22270506167195], [282.9844299716887, 405.00994806712424], [320.56174681692863, 392.8081851523992], [354.78041529858115, 412.5807312654275], [459.3172599684099, 396.54616854056525], [541.1338597041089, 385.7115684738402], [580.4260599040205, 381.5942651342897], [603.6441814926652, 413.5685681327653], [642.9363816925768, 417.7095846217252], [719.2052982634667, 449.23343424986587], [755.2968925429374, 465.31541121499146], [829.7323780999418, 500.94865979954614]],