{"name": "384898", "index": 384898, "image_width": 900, "image_height": 900, "graph": {"node_symbol": ["O", "C", "C", "C", "C", "C", "C", "C", "C", "C", "C", "C", "C", "C", "C", "C", "N", "C", "C", "C", "C", "C", "C", "C", "C", "C", "N", "C", "C", "C", "C", "C", "C", "C", "C", "C", "C", "C", "C", "C", "C", "C", "C", "C", "C", "C"], "node_number": [8, 6, 6, 6, 6, 6, 6, 6, 6, 6, 6, 6, 6, 6, 6, 6, 7, 6, 6, 6, 6, 6, 6, 6, 6, 6, 7, 6, 6, 6, 6, 6, 6, 6, 6, 6, 6, 6, 6, 6, 6, 6, 6, 6, 6, 6], "edge_indices": [[0, 1], [1, 0], [1, 2], [1, 8], [2, 1], [2, 3], [2, 7], [3, 2], [3, 4], [4, 3], [4, 5], [5, 4], [5, 6], [6, 5], [6, 7], [7, 2], [7, 6], [8, 1], [8, 9], [8, 45], [9, 8], [9, 10], [10, 9], [10, 11], [11, 10], [11, 12], [11, 44], [12, 11], [12, 13], [12, 43], [13, 12], [13, 14], [14, 13], [14, 15], [15, 14], [15, 16], [15, 42], [16, 15], [16, 17], [16, 41], [17, 16], [17, 18], [17, 22], [18, 17], [18, 19], [19, 18], [19, 20], [20, 19], [20, 21], [21, 20], [21, 22], [22, 17], [22, 21], [22, 23], [23, 22], [23, 24], [23, 41], [24, 23], [24, 25], [25, 24], [25, 26], [25, 39], [26, 25], [26, 27], [26, 33], [27, 26], [27, 28], [27, 32], [28, 27], [28, 29], [29, 28], [29, 30], [30, 29], [30, 31], [31, 30], [31, 32], [32, 27], [32, 31], [33, 26], [33, 34], [33, 38], [34, 33], [34, 35], [35, 34], [35, 36], [36, 35], [36, 37], [37, 36], [37, 38], [38, 33], [38, 37], [39, 25], [39, 40], [40, 39], [40, 41], [41, 16], [41, 23], [41, 40], [42, 15], [42, 43], [43, 12], [43, 42], [44, 11], [44, 45], [45, 8], [45, 44]], "edge_number": [[2], [2], [1], [1], [1], [12], [12], [12], [12], [12], [12], [12], [12], [12], [12], [12], [12], [1], [1], [1], [1], [1], [1], [1], [1], [1], [1], [1], [12], [12], [12], [12], [12], [12], [12], [1], [12], [1], [12], [12], [12], [12], [12], [12], [12], [12], [12], [12], [12], [12], [12], [12], [12], [12], [12], [12], [12], [12], [12], [12], [1], [12], [1], [1], [1], [1], [12], [12], [12], [12], [12], [12], [12], [12], [12], [12], [12], [12], [1], [12], [12], [12], [12], [12], [12], [12], [12], [12], [12], [12], [12], [12], [12], [12], [12], [12], [12], [12], [12], [12], [12], [12], [1], [1], [1], [1]], "graph_labels": [0.0], "graph_size": 46, "node_coordinates": [[184.15877111349457, 647.9242481911459], [184.22498042898064, 592.7475734748], [136.48614436487355, 565.1040560741937], [136.55235368035954, 509.9273813578479], [88.79142539297732, 482.27283468418887], [40.975300224576905, 509.8059919999285], [40.90909090909094, 564.9826667162744], [88.67001919647318, 592.6372133899333], [232.041105597381, 565.2144161590604], [232.107314912867, 510.02670375036934], [279.9344525157353, 482.5045757076824], [327.6733054184272, 510.13705541594356], [375.4894137482427, 482.6038981002039], [375.55562306372883, 427.42722127903494], [423.3717398128367, 399.89406001675195], [471.12163040787374, 427.53757504943223], [518.9377387376893, 400.00441326094347], [524.7643942406487, 345.1477645313704], [487.8953403635722, 304.09631770047974], [504.98907604294044, 251.64536364291575], [558.9739336171947, 240.223802079783], [595.8540241342048, 281.2642070086823], [578.7492528673145, 333.726190339299], [606.2824122878772, 381.5422976167031], [660.2452060539681, 393.07422294814285], [677.228585858116, 445.5693125151199], [731.1913669952684, 457.11227185546437], [748.1747467994163, 509.6073640534704], [711.1953454664118, 550.5594927014857], [728.1897545436123, 603.0656183821907], [782.141506407712, 614.59754003019], [819.1098784676637, 573.634365270537], [802.1264986635159, 521.1392857014697], [768.15973905522, 416.149107619927], [822.1225370309572, 427.69206906509464], [859.090909090909, 386.7399404170793], [842.1075124481764, 334.24485242871947], [788.1557774226615, 322.70189308837496], [751.1763592510722, 363.6540196315673], [640.2602137981643, 486.53247464583416], [586.3084577244184, 475.0115822708876], [569.3140423327485, 422.5054607998288], [471.0554210923878, 482.71424976577816], [423.23931276257224, 510.24740708151774], [327.60709610294117, 565.3137301322895], [279.79098777312566, 592.8468874480291]],