{"name": "389697", "index": 389697, "image_width": 900, "image_height": 900, "graph": {"node_symbol": ["C", "N", "C", "C", "C", "C", "C", "C", "C", "C", "N", "C", "C", "C", "C", "C", "C", "C", "N", "C", "C", "C", "C", "C", "N", "C", "C", "C", "C", "C", "C", "C", "N", "C", "C", "C", "C", "C", "N", "C", "C", "C", "C", "C", "C"], "node_number": [6, 7, 6, 6, 6, 6, 6, 6, 6, 6, 7, 6, 6, 6, 6, 6, 6, 6, 7, 6, 6, 6, 6, 6, 7, 6, 6, 6, 6, 6, 6, 6, 7, 6, 6, 6, 6, 6, 7, 6, 6, 6, 6, 6, 6], "edge_indices": [[0, 1], [0, 38], [1, 0], [1, 2], [2, 1], [2, 3], [2, 37], [3, 2], [3, 4], [4, 3], [4, 5], [4, 35], [5, 4], [5, 6], [5, 34], [6, 5], [6, 7], [7, 6], [7, 8], [7, 20], [8, 7], [8, 9], [8, 19], [9, 8], [9, 10], [10, 9], [10, 11], [11, 10], [11, 12], [11, 18], [12, 11], [12, 13], [12, 17], [13, 12], [13, 14], [14, 13], [14, 15], [15, 14], [15, 16], [16, 15], [16, 17], [17, 12], [17, 16], [18, 11], [18, 19], [19, 8], [19, 18], [20, 7], [20, 21], [21, 20], [21, 22], [21, 34], [22, 21], [22, 23], [22, 33], [23, 22], [23, 24], [24, 23], [24, 25], [25, 24], [25, 26], [25, 32], [26, 25], [26, 27], [26, 31], [27, 26], [27, 28], [28, 27], [28, 29], [29, 28], [29, 30], [30, 29], [30, 31], [31, 26], [31, 30], [32, 25], [32, 33], [33, 22], [33, 32], [34, 5], [34, 21], [35, 4], [35, 36], [36, 35], [36, 37], [37, 2], [37, 36], [37, 38], [38, 0], [38, 37], [38, 39], [39, 38], [39, 40], [39, 44], [40, 39], [40, 41], [41, 40], [41, 42], [42, 41], [42, 43], [43, 42], [43, 44], [44, 39], [44, 43]], "edge_number": [[12], [12], [12], [12], [12], [12], [12], [12], [12], [12], [1], [12], [1], [12], [12], [12], [12], [12], [1], [12], [1], [12], [12], [12], [12], [12], [12], [12], [1], [12], [1], [12], [12], [12], [12], [12], [12], [12], [12], [12], [12], [12], [12], [12], [12], [12], [12], [12], [12], [12], [1], [12], [1], [12], [12], [12], [12], [12], [12], [12], [1], [12], [1], [12], [12], [12], [12], [12], [12], [12], [12], [12], [12], [12], [12], [12], [12], [12], [12], [12], [12], [12], [12], [12], [12], [12], [12], [12], [12], [12], [1], [1], [12], [12], [12], [12], [12], [12], [12], [12], [12], [12], [12], [12]], "graph_labels": [0.9671], "graph_size": 45, "node_coordinates": [[788.2688496202818, 287.3461651104544], [748.6720280469092, 341.74805345527466], [684.6872200588128, 320.8998202174216], [626.38218082753, 354.5073234315705], [568.1309717335225, 320.80561683540736], [509.82592480085134, 354.4130995125206], [509.77209209644644, 421.7088678330726], [451.4670425966458, 455.3163710472213], [451.41320475798204, 522.6121290992555], [509.66441641911894, 556.3003839371411], [509.6105785804552, 623.5961419891753], [451.3055393491723, 657.2036452033241], [451.25170151050855, 724.4994032553583], [509.50290803738653, 758.187647824726], [509.4490701987228, 825.4834058767602], [451.14402583318105, 859.090909090909], [392.892819306303, 825.3892024947459], [392.94664687644905, 758.0934444427116], [393.05432255377656, 623.5019283386432], [393.1081706609581, 556.206170286609], [393.2158463382856, 421.61465418254045], [393.26967390843157, 354.31889613050635], [335.0184673815536, 320.6306412926208], [276.71341274749403, 354.22467221145644], [218.46220622061608, 320.5364173735709], [218.5160543277976, 253.24065932153644], [160.2648478009196, 219.53895272537352], [101.95979316686004, 253.14645593952218], [43.70858663998207, 219.4447288063236], [43.762434747163546, 152.1489707542894], [102.0674893812231, 118.55493983545375], [160.31869590810112, 152.2431946733393], [276.8210884248216, 219.63317664442343], [335.0722949516996, 253.33488324058635], [451.5747182739733, 320.72484467463505], [568.1848082886215, 253.50985878337315], [626.4898539377281, 219.91580732750208], [684.7410578974767, 253.6040621653874], [748.7527899391636, 232.86350460486187], [769.6010129084989, 168.87868634824804], [724.6070686641682, 118.8375705185324], [745.4687536602987, 54.85275226191834], [811.2974588471694, 40.90909090909099], [856.2914133600178, 90.96367903411965], [835.4431801221649, 154.93502499542046]],