{"name": "389887", "index": 389887, "image_width": 900, "image_height": 900, "graph": {"node_symbol": ["C", "C", "N", "C", "C", "C", "C", "C", "C", "C", "C", "C", "N", "C", "C", "N", "N", "C", "C", "C", "C", "C", "Si", "C", "C", "C", "C", "C", "C", "C", "C", "C", "C", "C", "C", "C", "C", "C", "C", "C", "C", "C", "C", "S", "C"], "node_number": [6, 6, 7, 6, 6, 6, 6, 6, 6, 6, 6, 6, 7, 6, 6, 7, 7, 6, 6, 6, 6, 6, 14, 6, 6, 6, 6, 6, 6, 6, 6, 6, 6, 6, 6, 6, 6, 6, 6, 6, 6, 6, 6, 16, 6], "edge_indices": [[0, 1], [0, 44], [1, 0], [1, 2], [2, 1], [2, 3], [2, 9], [3, 2], [3, 4], [3, 8], [4, 3], [4, 5], [5, 4], [5, 6], [6, 5], [6, 7], [7, 6], [7, 8], [8, 3], [8, 7], [9, 2], [9, 10], [9, 44], [10, 9], [10, 11], [11, 10], [11, 12], [12, 11], [12, 13], [13, 12], [13, 14], [13, 44], [14, 13], [14, 15], [14, 43], [15, 14], [15, 16], [16, 15], [16, 17], [17, 16], [17, 18], [17, 43], [18, 17], [18, 19], [18, 42], [19, 18], [19, 20], [20, 19], [20, 21], [21, 20], [21, 22], [21, 41], [22, 21], [22, 23], [22, 29], [22, 35], [23, 22], [23, 24], [23, 28], [24, 23], [24, 25], [25, 24], [25, 26], [26, 25], [26, 27], [27, 26], [27, 28], [28, 23], [28, 27], [29, 22], [29, 30], [29, 34], [30, 29], [30, 31], [31, 30], [31, 32], [32, 31], [32, 33], [33, 32], [33, 34], [34, 29], [34, 33], [35, 22], [35, 36], [35, 40], [36, 35], [36, 37], [37, 36], [37, 38], [38, 37], [38, 39], [39, 38], [39, 40], [40, 35], [40, 39], [41, 21], [41, 42], [42, 18], [42, 41], [43, 14], [43, 17], [44, 0], [44, 9], [44, 13]], "edge_number": [[12], [12], [12], [12], [12], [1], [12], [1], [12], [12], [12], [12], [12], [12], [12], [12], [12], [12], [12], [12], [12], [12], [12], [12], [12], [12], [12], [12], [12], [12], [1], [12], [1], [12], [12], [12], [12], [12], [12], [12], [1], [12], [1], [12], [12], [12], [12], [12], [12], [12], [1], [12], [1], [1], [1], [1], [1], [12], [12], [12], [12], [12], [12], [12], [12], [12], [12], [12], [12], [1], [12], [12], [12], [12], [12], [12], [12], [12], [12], [12], [12], [12], [1], [12], [12], [12], [12], [12], [12], [12], [12], [12], [12], [12], [12], [12], [12], [12], [12], [12], [12], [12], [12], [12]], "graph_labels": [0.9132], "graph_size": 45, "node_coordinates": [[484.1156948675683, 598.312140646655], [449.8103847846995, 645.5227903982318], [484.034024799324, 692.7217691819137], [466.01789618046644, 748.1703685063155], [504.9322504220837, 791.6120968384371], [486.97446774036064, 847.1073622297384], [429.9039599721668, 859.0909090909091], [390.82623888704063, 815.7775168939313], [408.98238351127713, 760.3522595053194], [539.6226401291046, 674.7756574680857], [589.9837657321265, 703.9001705981154], [640.6832870877206, 674.869007406565], [640.6366388255014, 616.5499642414759], [590.2171494806647, 587.2504266535525], [590.2288115462196, 528.8963810867579], [637.4394523954563, 494.66107518135425], [619.3999996454891, 439.1891405979177], [561.1509733854296, 439.1658075644679], [526.3905756757191, 392.1768527888542], [550.707691606827, 339.1553073532134], [516.8691134116746, 291.6412747527489], [458.83011115968316, 297.00878048488664], [424.6298130808485, 244.78067391695924], [472.55223163189464, 217.09138715844324], [466.1345702500553, 159.74083847715156], [513.0301750871897, 125.09713264171035], [566.1567414292049, 148.0956873685534], [572.3993828043206, 205.73794793083778], [525.6321319070101, 240.33498769937944], [414.944975070955, 156.10027989986042], [361.43334690946796, 133.9535010755253], [353.7321550317289, 76.38124851593045], [399.8343031964695, 40.90909090909088], [453.4976272335705, 62.77580211330792], [461.0587942035906, 120.2663667999783], [366.0540664872815, 255.69070538795802], [342.3437251562889, 309.1673295481005], [284.29305972595023, 315.4099531185359], [249.96440436891402, 268.29266220777856], [273.8381058666603, 214.92103224699008], [331.63206230455853, 208.725074743454], [434.5713500680499, 350.1236669566666], [468.3165872270633, 397.7543914314002], [543.0414948280925, 494.64940643904436], [539.5759562575249, 616.4566232053367]],