{"name": "40562", "index": 40562, "image_width": 900, "image_height": 900, "graph": {"node_symbol": ["C", "C", "C", "C", "C", "C", "C", "C", "N", "C", "C", "C", "C", "C", "C", "C", "C", "C", "C", "C", "C", "C", "C", "C", "C", "C", "C", "C", "C", "C", "C", "C", "C", "C", "C", "C", "C", "C", "C", "C", "C", "C", "C", "C", "C", "C"], "node_number": [6, 6, 6, 6, 6, 6, 6, 6, 7, 6, 6, 6, 6, 6, 6, 6, 6, 6, 6, 6, 6, 6, 6, 6, 6, 6, 6, 6, 6, 6, 6, 6, 6, 6, 6, 6, 6, 6, 6, 6, 6, 6, 6, 6, 6, 6], "edge_indices": [[0, 1], [1, 0], [1, 2], [1, 44], [2, 1], [2, 3], [3, 2], [3, 4], [3, 5], [4, 3], [5, 3], [5, 6], [5, 7], [6, 5], [7, 5], [7, 8], [7, 44], [8, 7], [8, 9], [8, 10], [9, 8], [10, 8], [10, 11], [10, 43], [11, 10], [11, 12], [12, 11], [12, 13], [13, 12], [13, 14], [13, 42], [14, 13], [14, 15], [14, 40], [15, 14], [15, 16], [15, 17], [16, 15], [17, 15], [17, 18], [18, 17], [18, 19], [18, 39], [19, 18], [19, 20], [19, 38], [20, 19], [20, 21], [20, 25], [21, 20], [21, 22], [22, 21], [22, 23], [23, 22], [23, 24], [24, 23], [24, 25], [25, 20], [25, 24], [25, 26], [26, 25], [26, 27], [26, 33], [27, 26], [27, 28], [27, 32], [28, 27], [28, 29], [29, 28], [29, 30], [30, 29], [30, 31], [31, 30], [31, 32], [32, 27], [32, 31], [33, 26], [33, 34], [33, 38], [34, 33], [34, 35], [35, 34], [35, 36], [36, 35], [36, 37], [37, 36], [37, 38], [38, 19], [38, 33], [38, 37], [39, 18], [39, 40], [40, 14], [40, 39], [40, 41], [41, 40], [42, 13], [42, 43], [43, 10], [43, 42], [44, 1], [44, 7], [44, 45], [45, 44]], "edge_number": [[1], [1], [12], [12], [12], [12], [12], [1], [12], [1], [12], [1], [12], [1], [12], [1], [12], [1], [1], [1], [1], [1], [12], [12], [12], [12], [12], [12], [12], [1], [12], [1], [12], [12], [12], [1], [12], [1], [12], [12], [12], [1], [12], [1], [12], [12], [12], [12], [12], [12], [12], [12], [12], [12], [12], [12], [12], [12], [12], [12], [12], [1], [12], [1], [12], [12], [12], [12], [12], [12], [12], [12], [12], [12], [12], [12], [12], [12], [12], [12], [12], [12], [12], [12], [12], [12], [12], [12], [12], [12], [12], [12], [12], [12], [1], [1], [12], [12], [12], [12], [12], [12], [1], [1]], "graph_labels": [1.4215], "graph_size": 46, "node_coordinates": [[284.1616239345732, 695.2275803299096], [331.35540218866254, 722.6054212346069], [331.24628113832426, 777.1646976410195], [378.4400560103479, 804.5316326844965], [378.33093730143975, 859.0909090909091], [425.7429503717565, 777.3501971827809], [472.93672030076095, 804.7280547376478], [425.8520672595523, 722.7909207763682], [473.1549624014375, 695.6095019248226], [520.3487364929845, 722.9764369682995], [473.2640792892334, 641.0502171933249], [426.0703051976865, 613.6723762886279], [426.1794220854823, 559.1240119872491], [473.48231306482506, 531.9316680227244], [473.59142995262096, 477.3723921366294], [426.3976600236164, 450.0054612556949], [379.0947672231613, 477.1868884323256], [426.50677691141226, 395.44618484928225], [473.82058623960256, 368.26474934756675], [473.9297031273984, 313.70547294115397], [521.2325941067412, 286.51313157821846], [568.4263681982882, 313.89097248291546], [615.7292675027159, 286.7095369811999], [615.8383760654267, 232.1502772249571], [568.6446019738798, 204.77243632026], [521.3417193196219, 231.96476103302587], [474.14793690299007, 204.58692012832876], [474.25705379078596, 150.0276437219161], [521.5599530952136, 122.84620822020054], [521.6690616579247, 68.28693181378787], [474.47529589146257, 40.90909090909088], [427.17240074957726, 68.10144892219625], [427.06328386178143, 122.66072532860892], [426.8450459236473, 231.7683556300443], [379.65127183210035, 204.40140393639751], [332.3483808527576, 231.58283943811307], [332.2283497786567, 286.1421324946956], [379.4330346744429, 313.50906753817253], [426.7359290358514, 286.327632036457], [521.0143603311495, 395.6316843910436], [520.9052351182688, 450.1909607974564], [568.0990092098157, 477.56880586469595], [520.676095481457, 559.3095136102817], [520.5669702685761, 613.8687900166943], [378.65829290784643, 695.4240023830611], [378.7674116167546, 640.8647176515635]],