{"name": "418351", "index": 418351, "image_width": 900, "image_height": 900, "graph": {"node_symbol": ["O", "C", "C", "C", "C", "O", "N", "C", "C", "C", "S", "C", "C", "C", "N", "C", "O", "C", "C", "C", "O", "C", "N", "C", "N", "C", "C", "C", "C", "C", "C", "C", "C", "C", "C", "C", "N", "C", "N", "C", "C", "C", "C", "C", "C"], "node_number": [8, 6, 6, 6, 6, 8, 7, 6, 6, 6, 16, 6, 6, 6, 7, 6, 8, 6, 6, 6, 8, 6, 7, 6, 7, 6, 6, 6, 6, 6, 6, 6, 6, 6, 6, 6, 7, 6, 7, 6, 6, 6, 6, 6, 6], "edge_indices": [[0, 1], [1, 0], [1, 2], [1, 6], [2, 1], [2, 3], [3, 2], [3, 4], [4, 3], [4, 5], [4, 6], [5, 4], [6, 1], [6, 4], [6, 7], [7, 6], [7, 8], [7, 35], [8, 7], [8, 9], [9, 8], [9, 10], [9, 33], [10, 9], [10, 11], [11, 10], [11, 12], [11, 32], [12, 11], [12, 13], [13, 12], [13, 14], [13, 21], [14, 13], [14, 15], [14, 19], [15, 14], [15, 16], [15, 17], [16, 15], [17, 15], [17, 18], [18, 17], [18, 19], [19, 14], [19, 18], [19, 20], [20, 19], [21, 13], [21, 22], [21, 31], [22, 21], [22, 23], [22, 30], [23, 22], [23, 24], [24, 23], [24, 25], [25, 24], [25, 26], [25, 30], [26, 25], [26, 27], [27, 26], [27, 28], [28, 27], [28, 29], [29, 28], [29, 30], [30, 22], [30, 25], [30, 29], [31, 21], [31, 32], [32, 11], [32, 31], [32, 33], [33, 9], [33, 32], [33, 34], [34, 33], [34, 35], [35, 7], [35, 34], [35, 36], [36, 35], [36, 37], [36, 44], [37, 36], [37, 38], [38, 37], [38, 39], [39, 38], [39, 40], [39, 44], [40, 39], [40, 41], [41, 40], [41, 42], [42, 41], [42, 43], [43, 42], [43, 44], [44, 36], [44, 39], [44, 43]], "edge_number": [[2], [2], [1], [1], [1], [2], [2], [1], [1], [2], [1], [2], [1], [1], [1], [1], [12], [12], [12], [12], [12], [12], [12], [12], [12], [12], [12], [12], [12], [12], [12], [1], [12], [1], [1], [1], [1], [2], [1], [2], [1], [2], [2], [1], [1], [1], [2], [2], [12], [1], [12], [1], [12], [12], [12], [12], [12], [12], [12], [12], [12], [12], [12], [12], [12], [12], [12], [12], [12], [12], [12], [12], [12], [12], [12], [12], [12], [12], [12], [12], [12], [12], [12], [12], [1], [1], [12], [12], [12], [12], [12], [12], [12], [12], [12], [12], [12], [12], [12], [12], [12], [12], [12], [12], [12], [12]], "graph_labels": [0.0254], "graph_size": 45, "node_coordinates": [[715.7091990012538, 187.94774027708627], [758.4636640055671, 256.1416761073874], [838.7878013809792, 261.16495999779386], [859.090909090909, 339.2762566146614], [791.0585035687227, 382.59604072827915], [799.0214499082701, 426.69111609950505], [728.550094468366, 331.4102062785248], [648.1129055941254, 348.19218001534955], [594.0520091115953, 288.21963532066957], [514.8908332686602, 305.32465118917537], [449.41044456681067, 257.95070341867756], [384.35000632308487, 305.6315439869545], [305.2372969664035, 289.204911049614], [251.3863849552096, 349.452037551237], [171.14301273385487, 333.4776660628563], [109.2968433922778, 385.30958477597244], [101.68921936766634, 428.7585758838366], [40.90909090909092, 342.73279325215947], [60.40457172451198, 264.3953689915701], [140.89023940803878, 258.3868093722192], [182.57866352935042, 189.74061825447484], [276.74507830410755, 426.0934983223971], [223.05568427799602, 486.5183044660367], [142.82847987509155, 478.3615168275388], [110.20135396716478, 552.1117354244406], [170.15773700491053, 605.9465042632489], [170.44848663030405, 686.5129371008329], [240.4837546012149, 726.8122597229136], [310.21211745131427, 686.1252545029319], [310.050599466232, 605.4457948125839], [239.82151484243525, 565.291810034103], [355.77703482976386, 442.6170334246643], [409.5148953421293, 382.4022117523609], [490.3881824680164, 382.1437731178032], [544.4329249955075, 441.90633950266323], [623.5133356843853, 425.05975610719895], [677.622686330137, 484.90309996914857], [757.8337352376235, 476.27788922475696], [790.8969732606081, 549.8020048240016], [731.295937183863, 603.9759528053602], [731.5382079999703, 684.5746719877154], [661.761378663617, 725.3585855341403], [591.758421683542, 685.0915492568307], [591.35462055932, 604.4120649204181], [661.3737330348129, 563.7573706912723]],