{"name": "433534", "index": 433534, "image_width": 900, "image_height": 900, "graph": {"node_symbol": ["C", "C", "N", "C", "N", "C", "C", "C", "C", "C", "C", "C", "C", "C", "C", "C", "O", "C", "C", "C", "C", "C", "C", "C", "C", "C", "C", "C", "N", "C", "N", "C", "C", "C", "C", "C", "C", "C", "C", "C", "C", "C", "C", "C", "C"], "node_number": [6, 6, 7, 6, 7, 6, 6, 6, 6, 6, 6, 6, 6, 6, 6, 6, 8, 6, 6, 6, 6, 6, 6, 6, 6, 6, 6, 6, 7, 6, 7, 6, 6, 6, 6, 6, 6, 6, 6, 6, 6, 6, 6, 6, 6], "edge_indices": [[0, 1], [0, 44], [1, 0], [1, 2], [2, 1], [2, 3], [3, 2], [3, 4], [3, 43], [4, 3], [4, 5], [5, 4], [5, 6], [6, 5], [6, 7], [7, 6], [7, 8], [7, 43], [8, 7], [8, 9], [8, 42], [9, 8], [9, 10], [10, 9], [10, 11], [11, 10], [11, 12], [11, 41], [12, 11], [12, 13], [12, 40], [13, 12], [13, 14], [14, 13], [14, 15], [15, 14], [15, 16], [15, 39], [16, 15], [16, 17], [17, 16], [17, 18], [17, 38], [18, 17], [18, 19], [19, 18], [19, 20], [20, 19], [20, 21], [20, 37], [21, 20], [21, 22], [21, 36], [22, 21], [22, 23], [23, 22], [23, 24], [24, 23], [24, 25], [24, 35], [25, 24], [25, 26], [25, 34], [26, 25], [26, 27], [27, 26], [27, 28], [28, 27], [28, 29], [29, 28], [29, 30], [29, 34], [30, 29], [30, 31], [31, 30], [31, 32], [32, 31], [32, 33], [33, 32], [33, 34], [34, 25], [34, 29], [34, 33], [35, 24], [35, 36], [36, 21], [36, 35], [37, 20], [37, 38], [38, 17], [38, 37], [38, 39], [39, 15], [39, 38], [39, 40], [40, 12], [40, 39], [41, 11], [41, 42], [42, 8], [42, 41], [43, 3], [43, 7], [43, 44], [44, 0], [44, 43]], "edge_number": [[12], [12], [12], [12], [12], [12], [12], [12], [12], [12], [12], [12], [12], [12], [12], [12], [1], [12], [1], [12], [12], [12], [12], [12], [12], [12], [1], [12], [1], [12], [12], [12], [12], [12], [12], [12], [12], [12], [12], [12], [12], [12], [12], [12], [12], [12], [12], [12], [1], [12], [1], [12], [12], [12], [12], [12], [12], [12], [1], [12], [1], [12], [12], [12], [12], [12], [12], [12], [12], [12], [12], [12], [12], [12], [12], [12], [12], [12], [12], [12], [12], [12], [12], [12], [12], [12], [12], [12], [12], [12], [12], [12], [12], [12], [12], [12], [12], [12], [12], [12], [12], [12], [12], [12], [12], [12]], "graph_labels": [0.8633], "graph_size": 45, "node_coordinates": [[521.863444971364, 830.4063066754838], [571.5138218304919, 859.0909090909091], [621.1986072235102, 830.4407130217886], [621.2215506212749, 773.1059495386127], [670.8833926165285, 744.4557534694923], [670.9177989628331, 687.098029087867], [621.2559569675796, 658.4134616738113], [571.5826432734436, 687.0636227415622], [521.9207925278478, 658.367574878282], [521.9551988741523, 601.0213309458813], [472.29335250372765, 572.336746031141], [422.6200344344205, 600.9869245995766], [372.98112708658925, 572.2908592356116], [323.30780464211097, 600.952518253272], [273.6459713971998, 572.2793962870717], [273.66889729427976, 514.9216719054461], [231.06064505277996, 476.5455752662671], [254.40055583285618, 424.16550940815216], [231.08358845054465, 371.7625176529572], [264.80317288252235, 325.39234227161876], [321.8282792489564, 331.3907588619272], [355.54787243127646, 285.02058785576], [332.23087879793775, 232.61759172539394], [365.95048073060025, 186.24741853164107], [422.97558709703424, 192.24583074677832], [456.6951759041831, 145.86418585414322], [433.3781910211868, 93.46118534860591], [467.0977820159213, 47.079557956655435], [524.1228883823553, 53.08943312033284], [547.439871077766, 105.4809706773301], [604.4649774442, 111.47938289246747], [627.7934252757362, 163.88238339800478], [594.0623691448762, 210.25255659175764], [537.0372627784423, 204.26560732516032], [513.7202789892388, 151.86261556996533], [446.29256760485936, 244.6373639286046], [412.572970047368, 291.0190044460686], [345.1452641319527, 383.78228985616795], [311.4256621992902, 430.1639303736319], [323.3307480398757, 486.2600303884706], [372.9925987854716, 514.9560782517508], [422.60856273553816, 658.3216880827525], [472.25894396983733, 687.0292163952575], [571.5711715745613, 744.3984212261078], [521.8863839939575, 773.0600627430832]],