{"name": "442811", "index": 442811, "image_width": 900, "image_height": 900, "graph": {"node_symbol": ["C", "C", "C", "C", "S", "C", "C", "N", "C", "C", "C", "C", "C", "C", "C", "C", "C", "C", "N", "C", "N", "C", "C", "C", "C", "C", "C", "C", "C", "C", "N", "C", "N", "C", "C", "C", "C", "C", "C", "C", "C", "N", "N", "C", "C"], "node_number": [6, 6, 6, 6, 16, 6, 6, 7, 6, 6, 6, 6, 6, 6, 6, 6, 6, 6, 7, 6, 7, 6, 6, 6, 6, 6, 6, 6, 6, 6, 7, 6, 7, 6, 6, 6, 6, 6, 6, 6, 6, 7, 7, 6, 6], "edge_indices": [[0, 1], [0, 44], [1, 0], [1, 2], [2, 1], [2, 3], [3, 2], [3, 4], [3, 43], [4, 3], [4, 5], [5, 4], [5, 6], [5, 42], [6, 5], [6, 7], [6, 41], [7, 6], [7, 8], [8, 7], [8, 9], [9, 8], [9, 10], [9, 40], [10, 9], [10, 11], [11, 10], [11, 12], [11, 38], [12, 11], [12, 13], [12, 37], [13, 12], [13, 14], [14, 13], [14, 15], [14, 25], [15, 14], [15, 16], [15, 24], [16, 15], [16, 17], [17, 16], [17, 18], [18, 17], [18, 19], [19, 18], [19, 20], [19, 24], [20, 19], [20, 21], [21, 20], [21, 22], [22, 21], [22, 23], [23, 22], [23, 24], [24, 15], [24, 19], [24, 23], [25, 14], [25, 26], [26, 25], [26, 27], [26, 37], [27, 26], [27, 28], [27, 36], [28, 27], [28, 29], [29, 28], [29, 30], [30, 29], [30, 31], [31, 30], [31, 32], [31, 36], [32, 31], [32, 33], [33, 32], [33, 34], [34, 33], [34, 35], [35, 34], [35, 36], [36, 27], [36, 31], [36, 35], [37, 12], [37, 26], [38, 11], [38, 39], [39, 38], [39, 40], [40, 9], [40, 39], [40, 41], [41, 6], [41, 40], [42, 5], [42, 43], [43, 3], [43, 42], [43, 44], [44, 0], [44, 43]], "edge_number": [[12], [12], [12], [12], [12], [12], [12], [12], [12], [12], [12], [12], [1], [12], [1], [12], [12], [12], [12], [12], [12], [12], [12], [12], [12], [12], [12], [1], [12], [1], [12], [12], [12], [12], [12], [1], [12], [1], [12], [12], [12], [12], [12], [12], [12], [12], [12], [12], [12], [12], [12], [12], [12], [12], [12], [12], [12], [12], [12], [12], [12], [12], [12], [1], [12], [1], [12], [12], [12], [12], [12], [12], [12], [12], [12], [12], [12], [12], [12], [12], [12], [12], [12], [12], [12], [12], [12], [12], [12], [12], [12], [12], [12], [12], [12], [12], [12], [12], [12], [12], [12], [12], [12], [12], [12], [12]], "graph_labels": [1.0006], "graph_size": 45, "node_coordinates": [[72.90320417851491, 168.97844268525523], [40.909090909090814, 224.48443648643945], [72.98007917217508, 279.9391868088894], [137.0451807046835, 279.8879335545963], [179.94314766542087, 327.4626842089947], [238.46022861019742, 301.3625583254495], [293.9662419624991, 333.34385583741073], [294.01748544123336, 397.4089598138088], [349.52349879353505, 429.403071861288], [404.9782393404262, 397.31926906268563], [460.48424780494855, 429.31338111016487], [515.9389979746552, 397.2295783115625], [571.4450017041415, 429.2236891370969], [571.4962549584345, 493.2887906696053], [627.002253647398, 525.2700881815665], [627.0535069016912, 589.3351897140749], [571.5987565792411, 621.4190035101808], [571.6500098335343, 685.4841050426893], [627.1560134102772, 717.4653927790918], [682.610763732727, 685.3944045160074], [738.1167770850288, 717.3885177854315], [793.5715274074787, 685.3047039893256], [793.520264377627, 621.2396024568171], [738.0142705764426, 589.2583147204147], [682.5595202539928, 621.329302983499], [682.4570137454066, 493.19909991848215], [682.4057507155549, 429.1339983859737], [737.8605010380047, 397.0630089009446], [793.3665143903065, 429.04430763485055], [848.8212842638736, 396.97331692787657], [848.7700212340221, 332.90821783925776], [793.2640078817203, 300.91410456983374], [793.2127644029861, 236.8489932617665], [737.7067510506845, 204.86770552536416], [682.2520007282344, 236.9386937884484], [682.3032442069689, 301.0037953209569], [737.8092575592705, 332.99790859038103], [626.8997569143708, 397.1398863384945], [515.887745789564, 333.1644743351644], [460.38174129636246, 301.1831768232032], [404.9269860861332, 333.25416508628757], [349.42099228494897, 301.27286757432637], [231.70776143435816, 237.64341381552947], [169.03929397410766, 224.38192997785336], [136.96830571102333, 168.9271796554034]],