{"name": "58276", "index": 58276, "image_width": 900, "image_height": 900, "graph": {"node_symbol": ["C", "C", "C", "C", "C", "C", "C", "C", "C", "C", "C", "C", "C", "C", "C", "C", "C", "C", "N", "C", "C", "C", "C", "C", "C", "C", "C", "C", "C", "C", "O", "C", "C", "C", "C", "C", "C", "C", "C", "C", "C", "C", "C", "C", "C", "C"], "node_number": [6, 6, 6, 6, 6, 6, 6, 6, 6, 6, 6, 6, 6, 6, 6, 6, 6, 6, 7, 6, 6, 6, 6, 6, 6, 6, 6, 6, 6, 6, 8, 6, 6, 6, 6, 6, 6, 6, 6, 6, 6, 6, 6, 6, 6, 6], "edge_indices": [[0, 1], [1, 0], [1, 2], [1, 45], [2, 1], [2, 3], [3, 2], [3, 4], [3, 5], [4, 3], [5, 3], [5, 6], [5, 43], [6, 5], [6, 7], [6, 11], [7, 6], [7, 8], [8, 7], [8, 9], [9, 8], [9, 10], [9, 18], [10, 9], [10, 11], [10, 12], [11, 6], [11, 10], [12, 10], [12, 13], [12, 17], [13, 12], [13, 14], [14, 13], [14, 15], [15, 14], [15, 16], [16, 15], [16, 17], [17, 12], [17, 16], [17, 18], [18, 9], [18, 17], [18, 19], [19, 18], [19, 20], [19, 41], [20, 19], [20, 21], [20, 22], [21, 20], [22, 20], [22, 23], [23, 22], [23, 24], [23, 40], [24, 23], [24, 25], [24, 39], [25, 24], [25, 26], [26, 25], [26, 27], [27, 26], [27, 28], [28, 27], [28, 29], [28, 39], [29, 28], [29, 30], [29, 31], [30, 29], [31, 29], [31, 32], [31, 37], [32, 31], [32, 33], [32, 34], [33, 32], [34, 32], [34, 35], [35, 34], [35, 36], [36, 35], [36, 37], [37, 31], [37, 36], [37, 38], [38, 37], [39, 24], [39, 28], [40, 23], [40, 41], [41, 19], [41, 40], [41, 42], [42, 41], [43, 5], [43, 44], [43, 45], [44, 43], [45, 1], [45, 43]], "edge_number": [[1], [1], [12], [12], [12], [12], [12], [1], [12], [1], [12], [1], [12], [1], [12], [12], [12], [12], [12], [12], [12], [12], [12], [12], [12], [12], [12], [12], [12], [12], [12], [12], [12], [12], [12], [12], [12], [12], [12], [12], [12], [12], [12], [12], [1], [1], [12], [12], [12], [1], [12], [1], [12], [12], [12], [1], [12], [1], [12], [12], [12], [12], [12], [12], [12], [12], [12], [1], [12], [1], [2], [1], [2], [1], [12], [12], [12], [1], [12], [1], [12], [12], [12], [12], [12], [12], [12], [12], [1], [1], [12], [12], [12], [12], [12], [12], [1], [1], [12], [1], [12], [1], [12], [12]], "graph_labels": [0.3389], "graph_size": 46, "node_coordinates": [[40.909090909090864, 377.81216025796766], [92.7109738402313, 388.88456144948145], [128.21684756385537, 349.5642805910022], [180.0187466626019, 360.6472796483015], [215.52460421861988, 321.31640092403677], [196.3253779873128, 411.0505595640799], [248.13786686804173, 422.1229688393967], [283.6331346420773, 382.80268798091754], [335.4350337408238, 393.8644993904488], [351.75226293132016, 444.2677752643258], [316.2569951572846, 483.59865247287735], [264.4444981927527, 472.52624774469973], [342.69302779748244, 529.5093967419946], [326.26984420054066, 579.8808911442195], [361.6803452158986, 619.2859387613764], [413.5140308386739, 608.3300817582905], [429.92661859078095, 557.9691852218509], [394.5267103888316, 518.5535437808102], [400.12118914165467, 465.87220977029125], [446.03193391600956, 439.4361831929457], [491.8791036213562, 465.97816619768753], [491.8261264181335, 518.9561778007258], [537.7898504166618, 439.54213759939114], [537.8534214437685, 386.56413003825446], [583.7641763228771, 360.1280973980565], [583.8277473499838, 307.1500857950184], [629.7384941452895, 280.7140612386236], [675.5856537458823, 307.25604828526684], [675.5220827187757, 360.2340518045021], [721.3692584869746, 386.76544098536], [721.3162934094564, 439.7434525883981], [767.2694155002978, 360.32941642896503], [813.1271810504792, 386.86080560982293], [813.0741836377489, 439.8388131709596], [859.0379116781787, 360.4141831876427], [859.090909090909, 307.446761366587], [813.2331435407277, 280.9047743199435], [767.322380577816, 307.3514048259269], [721.4646150276345, 280.82000756126604], [629.6007461414877, 386.6700844446999], [492.0062537593726, 360.0221429916112], [446.09550696406694, 386.45816754800603], [400.2377414138856, 359.926778367148], [160.8301102132772, 450.37084446446056], [177.13674153798812, 500.774124380239], [109.01762133254829, 439.2878454071614]],