{"name": "63735", "index": 63735, "image_width": 900, "image_height": 900, "graph": {"node_symbol": ["C", "C", "C", "C", "C", "C", "C", "C", "N", "C", "N", "C", "C", "C", "C", "C", "C", "C", "N", "C", "C", "C", "C", "C", "C", "N", "C", "C", "C", "C", "C", "C", "C", "C", "C", "C", "C", "C", "C", "C", "C", "C", "C", "C", "N", "C"], "node_number": [6, 6, 6, 6, 6, 6, 6, 6, 7, 6, 7, 6, 6, 6, 6, 6, 6, 6, 7, 6, 6, 6, 6, 6, 6, 7, 6, 6, 6, 6, 6, 6, 6, 6, 6, 6, 6, 6, 6, 6, 6, 6, 6, 6, 7, 6], "edge_indices": [[0, 1], [1, 0], [1, 2], [1, 45], [2, 1], [2, 3], [3, 2], [3, 4], [3, 5], [4, 3], [5, 3], [5, 6], [6, 5], [6, 7], [6, 45], [7, 6], [7, 8], [7, 44], [8, 7], [8, 9], [9, 8], [9, 10], [10, 9], [10, 11], [11, 10], [11, 12], [11, 44], [12, 11], [12, 13], [12, 42], [13, 12], [13, 14], [13, 15], [14, 13], [15, 13], [15, 16], [15, 17], [16, 15], [17, 15], [17, 18], [17, 40], [18, 17], [18, 19], [18, 39], [19, 18], [19, 20], [19, 24], [20, 19], [20, 21], [21, 20], [21, 22], [22, 21], [22, 23], [23, 22], [23, 24], [24, 19], [24, 23], [24, 25], [25, 24], [25, 26], [25, 34], [26, 25], [26, 27], [26, 33], [27, 26], [27, 28], [28, 27], [28, 29], [28, 30], [29, 28], [30, 28], [30, 31], [31, 30], [31, 32], [31, 33], [32, 31], [33, 26], [33, 31], [34, 25], [34, 35], [34, 39], [35, 34], [35, 36], [36, 35], [36, 37], [37, 36], [37, 38], [38, 37], [38, 39], [39, 18], [39, 34], [39, 38], [40, 17], [40, 41], [40, 42], [41, 40], [42, 12], [42, 40], [42, 43], [43, 42], [44, 7], [44, 11], [45, 1], [45, 6]], "edge_number": [[1], [1], [12], [12], [12], [12], [12], [1], [12], [1], [12], [12], [12], [1], [12], [1], [12], [12], [12], [12], [12], [12], [12], [12], [12], [1], [12], [1], [12], [12], [12], [1], [12], [1], [12], [1], [12], [1], [12], [1], [12], [1], [1], [1], [1], [12], [12], [12], [12], [12], [12], [12], [12], [12], [12], [12], [12], [1], [1], [1], [1], [1], [12], [12], [12], [12], [12], [1], [12], [1], [12], [12], [12], [1], [12], [1], [12], [12], [1], [12], [12], [12], [12], [12], [12], [12], [12], [12], [12], [1], [12], [12], [12], [1], [12], [1], [12], [12], [1], [1], [12], [12], [12], [12]], "graph_labels": [0.0008], "graph_size": 46, "node_coordinates": [[239.58994214259974, 677.036996561064], [292.02273965131815, 707.4540894044421], [291.90150037154274, 768.0700295887889], [344.3342932556319, 798.4749689065623], [344.2130586004857, 859.090909090909], [396.88831270176615, 768.2761215655936], [397.00954504459776, 707.6601813812468], [449.57568795624667, 677.4613155417612], [502.00847852802127, 707.8783898866224], [554.5624968179982, 677.6674075185659], [554.6837268485152, 617.0514673342193], [502.25093858905524, 586.6465187671872], [502.3721686195723, 526.0305739582113], [449.93938498474154, 495.6134949887209], [397.38536322629267, 525.8244819814065], [450.0606150152585, 434.99755480437415], [397.62782675579854, 404.592601612713], [502.61463792986467, 404.7986935895178], [502.7358679603817, 344.1827580298003], [555.2898862503587, 313.9838921903146], [607.7226745098187, 344.4009757844342], [660.2888185776249, 314.1899841671193], [660.4100578574003, 253.57405323203102], [607.9772695979402, 223.16909541574068], [555.4111162808757, 253.3679612552263], [502.97832802141573, 222.96300343893597], [503.0995673011912, 162.3470632545891], [555.665702119739, 132.1360808865328], [555.7869413995144, 71.52014070218604], [608.3409504402329, 41.32127486270031], [503.35415314005445, 41.11516438737863], [450.80013022544824, 71.31403022686425], [398.35521850047365, 40.90909090909088], [450.66677441710203, 131.929970411211], [450.4243097314387, 253.16185077990463], [397.9915226281361, 222.7447764350435], [345.4375031820019, 252.9557588030999], [345.31627315148484, 313.55958245887587], [397.7490590986302, 343.976656803737], [450.3030797009218, 313.77780021350975], [555.0474261893246, 435.21577255900814], [607.6014352300432, 405.0047901909517], [554.9261961588077, 495.8317127433549], [607.3589751690092, 526.2366705596453], [449.6969202990783, 616.8453753574145], [344.5767579412951, 677.2552235649565]],