{"name": "72867", "index": 72867, "image_width": 900, "image_height": 900, "graph": {"node_symbol": ["C", "C", "C", "C", "C", "C", "C", "C", "C", "C", "C", "C", "C", "C", "C", "C", "N", "C", "C", "C", "C", "C", "C", "N", "C", "C", "C", "C", "C", "C", "C", "C", "C", "C", "C", "C", "C", "C", "C", "C", "C", "C", "C", "C", "C", "C"], "node_number": [6, 6, 6, 6, 6, 6, 6, 6, 6, 6, 6, 6, 6, 6, 6, 6, 7, 6, 6, 6, 6, 6, 6, 7, 6, 6, 6, 6, 6, 6, 6, 6, 6, 6, 6, 6, 6, 6, 6, 6, 6, 6, 6, 6, 6, 6], "edge_indices": [[0, 1], [1, 0], [1, 2], [1, 44], [2, 1], [2, 3], [3, 2], [3, 4], [3, 5], [4, 3], [5, 3], [5, 6], [5, 7], [6, 5], [7, 5], [7, 8], [7, 44], [8, 7], [8, 9], [8, 43], [9, 8], [9, 10], [9, 14], [10, 9], [10, 11], [11, 10], [11, 12], [12, 11], [12, 13], [13, 12], [13, 14], [14, 9], [14, 13], [14, 15], [15, 14], [15, 16], [15, 38], [16, 15], [16, 17], [16, 37], [17, 16], [17, 18], [17, 22], [18, 17], [18, 19], [19, 18], [19, 20], [20, 19], [20, 21], [21, 20], [21, 22], [22, 17], [22, 21], [22, 23], [23, 22], [23, 24], [23, 32], [24, 23], [24, 25], [24, 30], [25, 24], [25, 26], [25, 27], [26, 25], [27, 25], [27, 28], [28, 27], [28, 29], [29, 28], [29, 30], [30, 24], [30, 29], [30, 31], [31, 30], [32, 23], [32, 33], [32, 37], [33, 32], [33, 34], [34, 33], [34, 35], [35, 34], [35, 36], [36, 35], [36, 37], [37, 16], [37, 32], [37, 36], [38, 15], [38, 39], [38, 43], [39, 38], [39, 40], [40, 39], [40, 41], [41, 40], [41, 42], [42, 41], [42, 43], [43, 8], [43, 38], [43, 42], [44, 1], [44, 7], [44, 45], [45, 44]], "edge_number": [[1], [1], [12], [12], [12], [12], [12], [1], [12], [1], [12], [1], [12], [1], [12], [1], [12], [1], [12], [12], [12], [12], [12], [12], [12], [12], [12], [12], [12], [12], [12], [12], [12], [12], [12], [1], [12], [1], [1], [1], [1], [12], [12], [12], [12], [12], [12], [12], [12], [12], [12], [12], [12], [1], [1], [1], [1], [1], [12], [12], [12], [1], [12], [1], [12], [12], [12], [12], [12], [12], [12], [12], [1], [1], [1], [12], [12], [12], [12], [12], [12], [12], [12], [12], [12], [1], [12], [12], [12], [12], [12], [12], [12], [12], [12], [12], [12], [12], [12], [12], [12], [12], [12], [12], [1], [1]], "graph_labels": [0.0053], "graph_size": 46, "node_coordinates": [[322.0364007793213, 40.90909090909099], [386.3565359045301, 78.22221909066775], [450.8253801497078, 41.176793421321236], [515.1455096018108, 78.475035373516], [579.6143595200942, 41.42960970416948], [514.9967948087361, 152.83356653201668], [579.3169185877334, 190.14667202117084], [450.52794772700554, 189.8789922013632], [450.37923009737796, 264.23751201365235], [514.699359549481, 301.5506231759123], [579.1682037946587, 264.5052031796713], [643.4883332467618, 301.80344513186606], [643.3396184536871, 376.161974162952], [578.8707742085093, 413.20739345005455], [514.5506419198534, 375.90915575268923], [450.08179483812285, 412.95457433065354], [449.9330800450481, 487.31310548915417], [385.4642301267646, 524.3585311585007], [321.1441006746616, 487.060289206306], [256.6603928925244, 524.1057035294411], [256.5116667532382, 598.4642346879417], [320.8317962053413, 635.7624766401364], [385.30064612362474, 598.7170509707898], [449.6356447857929, 636.0301791523668], [449.47205510954734, 710.3887103108674], [385.0032108643696, 747.4341132877911], [320.6830814122666, 710.1210077986369], [384.85449039818917, 821.7926444462917], [449.17462268684505, 859.0909090909091], [513.6434697685756, 822.0454834215627], [513.7921845616504, 747.6869295706392], [578.275903689999, 710.6415265937156], [514.1044918675236, 598.9698672536381], [578.4246184830738, 636.2829954352151], [642.8934627282515, 599.2375697658686], [643.0421888675377, 524.8790386073679], [578.7220594154346, 487.56592177200235], [514.2532094971511, 524.6262223245197], [385.7616653860198, 375.6563366332882], [321.2928154677363, 412.70175804780536], [256.9726860156333, 375.38864546726904], [257.1214121549194, 301.0301157270451], [321.5902564000972, 263.9846957308041], [385.9103858522002, 301.29780689306403], [386.20781543834966, 152.58075024916843], [321.7389711931719, 189.62615322609213]],