{"name": "89104", "index": 89104, "image_width": 900, "image_height": 900, "graph": {"node_symbol": ["C", "C", "C", "C", "C", "N", "C", "C", "C", "C", "C", "C", "C", "N", "C", "C", "C", "C", "C", "C", "C", "N", "C", "C", "C", "C", "C", "C", "C", "C", "N", "C", "C", "C", "C", "C", "C", "C", "C", "C", "C", "C", "C", "C", "C"], "node_number": [6, 6, 6, 6, 6, 7, 6, 6, 6, 6, 6, 6, 6, 7, 6, 6, 6, 6, 6, 6, 6, 7, 6, 6, 6, 6, 6, 6, 6, 6, 7, 6, 6, 6, 6, 6, 6, 6, 6, 6, 6, 6, 6, 6, 6], "edge_indices": [[0, 1], [1, 0], [1, 2], [1, 25], [2, 1], [2, 3], [3, 2], [3, 4], [3, 22], [4, 3], [4, 5], [4, 21], [5, 4], [5, 6], [6, 5], [6, 7], [6, 13], [7, 6], [7, 8], [7, 12], [8, 7], [8, 9], [9, 8], [9, 10], [10, 9], [10, 11], [11, 10], [11, 12], [12, 7], [12, 11], [13, 6], [13, 14], [14, 13], [14, 15], [14, 21], [15, 14], [15, 16], [15, 20], [16, 15], [16, 17], [17, 16], [17, 18], [18, 17], [18, 19], [19, 18], [19, 20], [20, 15], [20, 19], [21, 4], [21, 14], [22, 3], [22, 23], [23, 22], [23, 24], [23, 25], [24, 23], [25, 1], [25, 23], [25, 26], [26, 25], [26, 27], [26, 44], [27, 26], [27, 28], [28, 27], [28, 29], [29, 28], [29, 30], [29, 43], [30, 29], [30, 31], [30, 42], [31, 30], [31, 32], [31, 36], [32, 31], [32, 33], [33, 32], [33, 34], [34, 33], [34, 35], [35, 34], [35, 36], [36, 31], [36, 35], [36, 37], [37, 36], [37, 38], [37, 42], [38, 37], [38, 39], [39, 38], [39, 40], [40, 39], [40, 41], [41, 40], [41, 42], [42, 30], [42, 37], [42, 41], [43, 29], [43, 44], [44, 26], [44, 43]], "edge_number": [[1], [1], [12], [12], [12], [12], [12], [1], [12], [1], [12], [12], [12], [12], [12], [1], [12], [1], [12], [12], [12], [12], [12], [12], [12], [12], [12], [12], [12], [12], [12], [12], [12], [1], [12], [1], [12], [12], [12], [12], [12], [12], [12], [12], [12], [12], [12], [12], [12], [12], [12], [12], [12], [1], [12], [1], [12], [12], [1], [1], [12], [12], [12], [12], [12], [12], [12], [1], [12], [1], [12], [12], [12], [12], [12], [12], [12], [12], [12], [12], [12], [12], [12], [12], [12], [12], [12], [12], [12], [12], [12], [12], [12], [12], [12], [12], [12], [12], [12], [12], [12], [12], [12], [12]], "graph_labels": [0.2781], "graph_size": 45, "node_coordinates": [[378.3619042780977, 508.53055233765974], [431.75431444245885, 477.6276173837075], [485.20840149457166, 508.40719856215634], [538.5761239622179, 477.50424478418824], [592.0302110143307, 508.28382596263725], [645.4102820363383, 477.38087218466916], [698.8766988187969, 508.1604721871338], [752.2567510167886, 477.2698481395114], [752.1950835410448, 415.58731318309447], [805.587484293398, 384.69670795948787], [859.0292416151653, 415.4762891379367], [859.0909090909091, 477.1588240943536], [805.6985083385559, 508.0494293179603], [698.9383662945406, 569.8430071435507], [645.5706626509101, 600.7459420975031], [645.6323301266539, 662.42847705392], [699.0740874484212, 693.2080770563847], [699.135754924165, 754.9029229191315], [645.755702726173, 785.7935469667539], [592.3016156740603, 755.0016360579593], [592.2399293743007, 693.3191011015424], [592.1165567747815, 569.96637974307], [538.5144376624584, 415.8217098277714], [485.0480208799999, 385.0421286493224], [484.98633458024034, 323.371923423251], [431.66794985799226, 415.9450824272905], [378.21387221788734, 385.1654824248259], [378.15218591812777, 323.48295688041685], [324.6857667826674, 292.70336628996006], [271.3180372560152, 323.606320067928], [217.8639502039024, 292.8267294774712], [161.53546417594652, 317.9808758917453], [142.53724152696853, 376.66562986079225], [82.2240595995447, 389.55727590188013], [40.90909090909093, 343.7641679739213], [59.89497441571542, 285.07940929887036], [120.22050489750069, 272.1877585517784], [151.0000860759496, 218.73367267616686], [131.86617050911474, 160.08591613366366], [173.09476520309406, 114.20645303324591], [233.44495985157442, 126.96239674446929], [252.5665456880637, 185.59781532111992], [211.33793687607252, 231.48961991689293], [271.39205563912236, 385.2888550243449], [324.8461403382332, 416.06843620279386]],